exit_time,equity,net_pnl
2026-05-19 11:45:00+05:30,499531.51,-468.49
2026-05-19 12:00:00+05:30,499132.52,-398.99
2026-05-19 12:15:00+05:30,499620.61,488.09
2026-05-19 13:35:00+05:30,499108.4,-512.21
2026-05-19 13:40:00+05:30,498739.22,-369.18
2026-05-19 15:00:00+05:30,499013.81,274.59
2026-05-20 09:25:00+05:30,499405.8,391.99
2026-05-20 11:10:00+05:30,498793.17,-612.63
2026-05-20 11:20:00+05:30,498624.29,-168.88
2026-05-20 11:40:00+05:30,498648.76,24.47
2026-05-20 11:45:00+05:30,499734.31,1085.55
2026-05-20 12:00:00+05:30,499371.47,-362.84
2026-05-20 13:20:00+05:30,499049.55,-321.92
2026-05-20 14:35:00+05:30,498914.93,-134.62
2026-05-21 10:45:00+05:30,498432.02,-482.91
2026-05-21 11:25:00+05:30,498084.86,-347.16
2026-05-21 11:25:00+05:30,497950.13,-134.73
2026-05-21 11:35:00+05:30,497435.56,-514.57
2026-05-21 12:00:00+05:30,497031.88,-403.68
2026-05-21 12:50:00+05:30,496767.31,-264.57
2026-05-21 13:00:00+05:30,497084.34,317.03
2026-05-21 13:20:00+05:30,496934.36,-149.98
2026-05-21 13:40:00+05:30,496997.86,63.5
2026-05-22 10:05:00+05:30,496495.6,-502.26
2026-05-22 10:55:00+05:30,495852.44,-643.16
2026-05-22 10:55:00+05:30,495758.11,-94.33
2026-05-22 12:25:00+05:30,495533.06,-225.05
2026-05-22 12:40:00+05:30,495707.64,174.58
2026-05-22 13:15:00+05:30,495329.74,-377.9
2026-05-22 13:15:00+05:30,495366.57,36.83
2026-05-22 13:55:00+05:30,494925.16,-441.41
2026-05-22 15:10:00+05:30,495376.41,451.25
2026-05-25 11:55:00+05:30,494997.86,-378.55
2026-05-25 12:00:00+05:30,494644.11,-353.75
2026-05-25 12:55:00+05:30,494909.06,264.95
2026-05-25 13:25:00+05:30,494621.99,-287.07
2026-05-26 09:25:00+05:30,494357.12,-264.87
2026-05-26 10:15:00+05:30,494221.57,-135.55
2026-05-26 10:30:00+05:30,494001.45,-220.12
2026-05-26 10:50:00+05:30,493659.64,-341.81
2026-05-26 11:50:00+05:30,493243.52,-416.12
2026-05-26 12:20:00+05:30,493273.5,29.98
2026-05-26 12:55:00+05:30,493259.88,-13.62
2026-05-26 14:20:00+05:30,492866.88,-393.0
2026-05-27 10:05:00+05:30,492033.9,-832.98
2026-05-27 10:10:00+05:30,491784.68,-249.22
2026-05-27 10:35:00+05:30,491441.3,-343.38
2026-05-27 10:40:00+05:30,491348.96,-92.34
2026-05-27 11:20:00+05:30,490973.94,-375.02
2026-05-27 15:15:00+05:30,490545.25,-428.69
2026-05-27 15:25:00+05:30,490162.38,-382.87
2026-05-29 11:10:00+05:30,489811.4,-350.98
2026-05-29 11:15:00+05:30,489300.52,-510.88
2026-05-29 11:15:00+05:30,489249.38,-51.14
2026-05-29 11:20:00+05:30,489420.82,171.44
2026-05-29 13:10:00+05:30,489064.43,-356.39
2026-05-29 13:20:00+05:30,489450.82,386.39
2026-05-29 13:25:00+05:30,489078.81,-372.01
2026-05-29 13:50:00+05:30,489229.02,150.21
2026-05-29 15:05:00+05:30,489627.03,398.01
2026-06-01 10:10:00+05:30,489023.64,-603.39
2026-06-01 10:50:00+05:30,488589.75,-433.89
2026-06-01 11:15:00+05:30,488191.52,-398.23
2026-06-01 12:20:00+05:30,487610.05,-581.47
2026-06-01 12:35:00+05:30,487105.84,-504.21
2026-06-01 12:50:00+05:30,487156.3,50.46
2026-06-01 13:00:00+05:30,486863.26,-293.04
2026-06-01 13:10:00+05:30,487393.39,530.13
2026-06-01 13:20:00+05:30,487193.59,-199.8
2026-06-01 14:40:00+05:30,486938.54,-255.05
2026-06-02 12:10:00+05:30,486882.71,-55.83
2026-06-02 12:15:00+05:30,486580.87,-301.84
2026-06-02 12:40:00+05:30,486190.25,-390.62
2026-06-02 12:45:00+05:30,485673.25,-517.0
2026-06-02 13:00:00+05:30,485473.63,-199.62
2026-06-02 13:10:00+05:30,485273.94,-199.69
2026-06-02 13:10:00+05:30,485992.51,718.57
2026-06-02 13:15:00+05:30,485441.18,-551.33
2026-06-03 11:20:00+05:30,485347.25,-93.93
2026-06-03 12:15:00+05:30,484897.29,-449.96
2026-06-03 12:55:00+05:30,484450.92,-446.37
2026-06-03 13:40:00+05:30,484052.66,-398.26
2026-06-03 13:45:00+05:30,485018.13,965.47
2026-06-03 13:45:00+05:30,484480.11,-538.02
2026-06-04 11:00:00+05:30,483793.5,-686.61
2026-06-04 11:30:00+05:30,483238.98,-554.52
2026-06-04 11:35:00+05:30,483765.93,526.95
2026-06-04 11:50:00+05:30,483636.12,-129.81
2026-06-04 12:35:00+05:30,483057.65,-578.47
2026-06-04 14:15:00+05:30,482457.75,-599.9
2026-06-05 09:40:00+05:30,481873.78,-583.97
2026-06-05 10:25:00+05:30,482423.55,549.77
2026-06-05 10:30:00+05:30,481878.0,-545.55
2026-06-05 10:55:00+05:30,481425.61,-452.39
2026-06-05 11:00:00+05:30,480715.16,-710.45
2026-06-05 11:00:00+05:30,480379.8,-335.36
2026-06-05 11:00:00+05:30,479634.94,-744.86
2026-06-05 11:05:00+05:30,479322.9,-312.04
2026-06-05 12:35:00+05:30,479607.38,284.48
2026-06-05 14:15:00+05:30,479524.03,-83.35
2026-06-08 09:45:00+05:30,479400.49,-123.54
2026-06-08 11:10:00+05:30,478931.03,-469.46
2026-06-08 11:30:00+05:30,479318.81,387.78
2026-06-08 13:00:00+05:30,478921.41,-397.4
2026-06-08 13:55:00+05:30,478849.13,-72.28
2026-06-09 11:20:00+05:30,479135.52,286.39
2026-06-09 11:35:00+05:30,478697.79,-437.73
2026-06-09 11:50:00+05:30,478972.78,274.99
2026-06-09 12:30:00+05:30,479281.69,308.91
2026-06-09 13:00:00+05:30,478998.22,-283.47
2026-06-09 13:15:00+05:30,478619.72,-378.5
2026-06-09 13:45:00+05:30,478442.22,-177.5
2026-06-10 10:05:00+05:30,477575.62,-866.6
2026-06-10 10:45:00+05:30,477106.5,-469.12
2026-06-10 12:25:00+05:30,476747.02,-359.48
2026-06-10 12:45:00+05:30,476492.65,-254.37
2026-06-10 13:10:00+05:30,476942.34,449.69
2026-06-10 14:05:00+05:30,476549.3,-393.04
2026-06-10 15:00:00+05:30,477256.17,706.87
2026-06-11 11:25:00+05:30,476691.73,-564.44
2026-06-11 11:40:00+05:30,477042.44,350.71
2026-06-11 11:50:00+05:30,477883.21,840.77
2026-06-11 12:10:00+05:30,478548.65,665.44
2026-06-11 12:30:00+05:30,478945.63,396.98
2026-06-11 12:40:00+05:30,479211.87,266.24
2026-06-11 12:55:00+05:30,478789.55,-422.32
2026-06-12 10:50:00+05:30,478327.73,-461.82
2026-06-12 13:00:00+05:30,477966.97,-360.76
2026-06-12 13:55:00+05:30,477658.11,-308.86
2026-06-12 14:10:00+05:30,478396.27,738.16
2026-06-12 14:45:00+05:30,478107.09,-289.18
2026-06-15 12:40:00+05:30,477926.31,-180.78
2026-06-15 12:40:00+05:30,477757.38,-168.93
2026-06-15 14:05:00+05:30,477342.96,-414.42
2026-06-15 14:15:00+05:30,476927.65,-415.31
2026-06-15 14:20:00+05:30,476448.35,-479.3
2026-06-16 10:05:00+05:30,475812.15,-636.2
2026-06-16 10:10:00+05:30,475024.02,-788.13
2026-06-16 10:20:00+05:30,474626.94,-397.08
2026-06-16 10:35:00+05:30,474407.16,-219.78
2026-06-16 12:00:00+05:30,474558.3,151.14
2026-06-16 12:15:00+05:30,474358.54,-199.76
2026-06-16 12:50:00+05:30,474143.76,-214.78
2026-06-16 13:15:00+05:30,473815.46,-328.3
2026-06-17 09:25:00+05:30,474208.79,393.33
2026-06-17 09:40:00+05:30,474026.44,-182.35
2026-06-17 09:50:00+05:30,473592.12,-434.32
2026-06-17 11:30:00+05:30,474104.88,512.76
2026-06-17 11:45:00+05:30,473546.92,-557.96
2026-06-17 12:00:00+05:30,473181.03,-365.89
2026-06-17 12:35:00+05:30,472787.03,-394.0
2026-06-17 12:40:00+05:30,473043.95,256.92
2026-06-17 14:30:00+05:30,473015.36,-28.59
2026-06-18 10:30:00+05:30,472678.68,-336.68
2026-06-18 10:30:00+05:30,472277.46,-401.22
2026-06-18 10:45:00+05:30,471995.25,-282.21
2026-06-18 10:45:00+05:30,472213.99,218.74
2026-06-18 12:50:00+05:30,471849.2,-364.79
2026-06-18 14:35:00+05:30,471633.0,-216.2
2026-06-18 15:00:00+05:30,471217.69,-415.31
2026-06-19 11:10:00+05:30,471092.06,-125.63
2026-06-19 12:00:00+05:30,470792.39,-299.67
2026-06-19 12:25:00+05:30,470617.62,-174.77
2026-06-19 13:10:00+05:30,470738.02,120.4
2026-06-19 13:15:00+05:30,470338.63,-399.39
2026-06-19 13:30:00+05:30,469998.31,-340.32
2026-06-19 13:30:00+05:30,469879.21,-119.1
2026-06-22 11:40:00+05:30,469462.25,-416.96
2026-06-22 13:20:00+05:30,469371.87,-90.38
2026-06-22 13:35:00+05:30,469257.86,-114.01
2026-06-23 09:55:00+05:30,468722.38,-535.48
2026-06-23 10:10:00+05:30,468467.77,-254.61
2026-06-23 10:15:00+05:30,468417.46,-50.31
2026-06-23 11:10:00+05:30,468578.7,161.24
2026-06-23 11:25:00+05:30,468225.39,-353.31
2026-06-23 12:20:00+05:30,468407.74,182.35
2026-06-23 12:55:00+05:30,468074.45,-333.29
2026-06-23 14:10:00+05:30,467594.37,-480.08
2026-06-24 09:45:00+05:30,466993.35,-601.02
2026-06-24 10:00:00+05:30,466308.24,-685.11
2026-06-24 10:10:00+05:30,465608.1,-700.14
2026-06-24 10:55:00+05:30,466184.08,575.98
2026-06-24 11:30:00+05:30,465817.98,-366.1
2026-06-24 11:55:00+05:30,465787.17000000004,-30.81
2026-06-24 13:25:00+05:30,465645.45,-141.72
2026-06-24 13:55:00+05:30,465266.44,-379.01
2026-06-24 14:00:00+05:30,464789.78,-476.66
2026-06-25 10:10:00+05:30,464419.27,-370.51
2026-06-25 11:40:00+05:30,464144.25,-275.02
2026-06-25 12:20:00+05:30,464372.95,228.7
2026-06-25 12:25:00+05:30,463703.17,-669.78
2026-06-25 12:55:00+05:30,463267.09,-436.08
2026-06-25 15:25:00+05:30,463199.58,-67.51
2026-06-29 10:10:00+05:30,462699.66000000003,-499.92
2026-06-29 10:35:00+05:30,462027.18,-672.48
2026-06-29 11:25:00+05:30,461592.32,-434.86
2026-06-29 13:50:00+05:30,461210.4,-381.92
2026-06-29 14:30:00+05:30,460774.98,-435.42
2026-06-30 10:00:00+05:30,460107.33,-667.65
2026-06-30 10:00:00+05:30,459928.98,-178.35
2026-06-30 10:45:00+05:30,459261.14,-667.84
2026-06-30 11:35:00+05:30,458491.66000000003,-769.48
2026-06-30 12:15:00+05:30,458117.05,-374.61
2026-06-30 12:25:00+05:30,458016.66000000003,-100.39
2026-06-30 12:35:00+05:30,457853.77,-162.89
2026-06-30 14:20:00+05:30,457424.62,-429.15
2026-06-30 14:55:00+05:30,457023.56,-401.06
2026-07-01 10:00:00+05:30,457281.88,258.32
2026-07-01 10:20:00+05:30,457941.3,659.42
2026-07-01 11:25:00+05:30,457898.65,-42.65
2026-07-01 12:40:00+05:30,457587.14,-311.51
2026-07-01 12:50:00+05:30,457148.3,-438.84
2026-07-01 12:50:00+05:30,457164.09,15.79
2026-07-01 13:20:00+05:30,456820.9,-343.19
2026-07-01 13:20:00+05:30,457519.49,698.59
2026-07-01 13:25:00+05:30,457867.12,347.63
2026-07-02 10:30:00+05:30,458147.75,280.63
2026-07-02 10:35:00+05:30,457760.27999999997,-387.47
2026-07-02 11:05:00+05:30,457581.05,-179.23
2026-07-02 11:30:00+05:30,457759.41,178.36
2026-07-02 11:50:00+05:30,457624.8,-134.61
2026-07-02 14:05:00+05:30,457281.26,-343.54
2026-07-02 14:05:00+05:30,457149.12,-132.14
2026-07-02 14:55:00+05:30,457332.16,183.04
2026-07-02 14:55:00+05:30,456779.52,-552.64
2026-07-03 09:55:00+05:30,457361.35,581.83
2026-07-03 10:45:00+05:30,457050.85,-310.5
2026-07-03 11:05:00+05:30,456719.61,-331.24
2026-07-03 11:25:00+05:30,456450.37,-269.24
2026-07-03 12:25:00+05:30,456108.52,-341.85
2026-07-03 12:50:00+05:30,455628.29,-480.23
2026-07-03 14:15:00+05:30,455214.81,-413.48
2026-07-03 14:55:00+05:30,454863.85,-350.96
2026-07-06 10:45:00+05:30,454741.05,-122.8
2026-07-06 11:20:00+05:30,454674.1,-66.95
2026-07-06 11:20:00+05:30,454505.94,-168.16
2026-07-06 11:55:00+05:30,454187.91,-318.03
2026-07-06 11:55:00+05:30,453984.29,-203.62
2026-07-06 13:25:00+05:30,453487.66,-496.63
2026-07-06 14:30:00+05:30,453173.29,-314.37
2026-07-06 14:50:00+05:30,452824.08999999997,-349.2
2026-07-07 10:45:00+05:30,452137.79,-686.3
2026-07-07 11:40:00+05:30,451654.99,-482.8
2026-07-07 12:00:00+05:30,451170.33999999997,-484.65
2026-07-07 13:00:00+05:30,450941.51,-228.83
2026-07-07 13:05:00+05:30,450715.39999999997,-226.11
2026-07-07 14:15:00+05:30,450304.20999999996,-411.19
2026-07-07 14:25:00+05:30,449881.12,-423.09
2026-07-08 10:00:00+05:30,449161.20999999996,-719.91
2026-07-08 10:35:00+05:30,448505.5,-655.71
2026-07-08 10:55:00+05:30,447872.64999999997,-632.85
2026-07-08 12:00:00+05:30,448331.38,458.73
2026-07-08 12:40:00+05:30,448610.73,279.35
2026-07-08 14:10:00+05:30,448863.69,252.96
2026-07-08 15:05:00+05:30,449879.31999999995,1015.63
2026-07-09 10:35:00+05:30,449368.92,-510.4
2026-07-09 11:00:00+05:30,448983.69999999995,-385.22
2026-07-09 11:35:00+05:30,448617.26999999996,-366.43
2026-07-09 13:15:00+05:30,447868.06,-749.21
2026-07-09 13:30:00+05:30,447399.13,-468.93
2026-07-09 14:40:00+05:30,446957.70999999996,-441.42
2026-07-10 10:50:00+05:30,446660.36,-297.35
2026-07-10 11:40:00+05:30,446748.8,88.44
2026-07-10 12:20:00+05:30,446379.91,-368.89
2026-07-10 13:10:00+05:30,445861.64,-518.27
2026-07-10 13:20:00+05:30,445806.41,-55.23
2026-07-10 13:55:00+05:30,445410.58999999997,-395.82
2026-07-13 10:10:00+05:30,445023.16,-387.43
2026-07-13 11:10:00+05:30,445883.44999999995,860.29
2026-07-13 11:10:00+05:30,445563.67,-319.78
2026-07-13 12:05:00+05:30,445325.76999999996,-237.9
2026-07-13 12:50:00+05:30,445824.44999999995,498.68
2026-07-13 13:25:00+05:30,445486.0,-338.45
2026-07-14 10:25:00+05:30,444886.93,-599.07
2026-07-14 11:10:00+05:30,445336.63,449.7
2026-07-14 11:10:00+05:30,445357.1,20.47
2026-07-14 11:25:00+05:30,444975.69,-381.41
2026-07-14 13:55:00+05:30,444549.05,-426.64
2026-07-14 14:20:00+05:30,444674.75,125.7
2026-07-15 10:55:00+05:30,444520.24,-154.51
2026-07-15 11:35:00+05:30,443963.75999999995,-556.48
2026-07-15 11:45:00+05:30,443544.49,-419.27
2026-07-15 12:20:00+05:30,443823.54,279.05
2026-07-15 12:45:00+05:30,443469.39999999997,-354.14
2026-07-15 13:00:00+05:30,443698.26999999996,228.87
2026-07-15 15:15:00+05:30,442930.70999999996,-767.56
2026-07-16 10:40:00+05:30,442969.02999999997,38.32
2026-07-16 10:45:00+05:30,442515.24,-453.79
2026-07-16 11:05:00+05:30,442282.99,-232.25
2026-07-16 11:10:00+05:30,441986.41,-296.58
2026-07-16 11:15:00+05:30,441741.82999999996,-244.58
2026-07-16 11:40:00+05:30,441359.27999999997,-382.55
2026-07-16 12:50:00+05:30,440964.11,-395.17
2026-07-17 09:40:00+05:30,440387.76,-576.35
2026-07-17 10:10:00+05:30,440738.72,350.96
2026-07-17 10:15:00+05:30,441132.0,393.28
2026-07-17 10:35:00+05:30,440691.76999999996,-440.23
2026-07-17 10:45:00+05:30,440180.66,-511.11
2026-07-17 11:10:00+05:30,439708.49,-472.17
2026-07-17 12:50:00+05:30,439311.87,-396.62
2026-07-17 14:30:00+05:30,438778.13999999996,-533.73
2026-07-20 10:20:00+05:30,438259.82999999996,-518.31
2026-07-20 10:55:00+05:30,438680.82999999996,421.0
2026-07-20 12:05:00+05:30,438713.48,32.65
2026-07-20 12:50:00+05:30,438319.85,-393.63
2026-07-20 14:15:00+05:30,438496.61,176.76
2026-07-21 09:35:00+05:30,437807.18,-689.43
2026-07-21 10:25:00+05:30,437229.68,-577.5
2026-07-21 10:55:00+05:30,436969.63999999996,-260.04
2026-07-21 11:05:00+05:30,436664.56,-305.08
2026-07-21 12:50:00+05:30,437006.05,341.49
2026-07-21 12:55:00+05:30,436756.61,-249.44
2026-07-21 13:20:00+05:30,436132.88999999996,-623.72
2026-07-21 14:15:00+05:30,436456.44999999995,323.56
2026-07-22 11:10:00+05:30,436301.24,-155.21
2026-07-22 11:20:00+05:30,435968.58999999997,-332.65
2026-07-22 12:00:00+05:30,435685.5,-283.09
2026-07-22 12:15:00+05:30,435285.33999999997,-400.16
2026-07-22 12:15:00+05:30,435216.55999999994,-68.78
2026-07-22 12:15:00+05:30,435457.16,240.6
2026-07-22 13:15:00+05:30,435116.49,-340.67
2026-07-22 13:35:00+05:30,434758.37,-358.12
2026-07-22 13:40:00+05:30,434466.85,-291.52
2026-07-23 10:50:00+05:30,434706.87999999995,240.03
2026-07-23 12:00:00+05:30,434348.89999999997,-357.98
2026-07-23 12:00:00+05:30,434674.54,325.64
2026-07-23 12:20:00+05:30,434369.92,-304.62
2026-07-23 12:30:00+05:30,434492.54,122.62
2026-07-23 14:20:00+05:30,434139.75999999995,-352.78
2026-07-23 14:50:00+05:30,434287.49,147.73
2026-07-23 14:55:00+05:30,433820.33999999997,-467.15
2026-07-24 10:40:00+05:30,433576.63999999996,-243.7
2026-07-24 10:40:00+05:30,433143.61,-433.03
2026-07-24 11:20:00+05:30,433449.12,305.51
2026-07-24 12:05:00+05:30,433119.68999999994,-329.43
2026-07-24 12:20:00+05:30,432818.1,-301.59
2026-07-24 14:20:00+05:30,432468.57999999996,-349.52
2026-07-24 14:30:00+05:30,432293.6,-174.98
2026-07-27 10:50:00+05:30,432186.74,-106.86
2026-07-27 11:10:00+05:30,431561.43999999994,-625.3
2026-07-27 11:45:00+05:30,431392.01999999996,-169.42
2026-07-27 12:55:00+05:30,431072.26,-319.76
2026-07-27 13:00:00+05:30,430786.39,-285.87
2026-07-27 13:15:00+05:30,430359.0,-427.39
2026-07-27 13:25:00+05:30,430217.92,-141.08
2026-07-27 14:15:00+05:30,430419.37,201.45
2026-07-28 09:25:00+05:30,429913.37,-506.0
2026-07-28 10:25:00+05:30,429270.13,-643.24
2026-07-28 10:35:00+05:30,428721.95999999996,-548.17
2026-07-28 10:35:00+05:30,428437.77999999997,-284.18
2026-07-28 12:15:00+05:30,428020.69999999995,-417.08
2026-07-28 12:25:00+05:30,427967.02999999997,-53.67
2026-07-28 13:40:00+05:30,428126.56999999995,159.54
2026-07-29 10:45:00+05:30,427775.01,-351.56
2026-07-29 12:30:00+05:30,427256.98,-518.03
2026-07-29 14:10:00+05:30,426848.52999999997,-408.45
2026-07-29 14:35:00+05:30,426532.76,-315.77
2026-07-30 10:10:00+05:30,426005.3,-527.46
2026-07-30 10:35:00+05:30,425530.18,-475.12
2026-07-30 11:15:00+05:30,425719.68999999994,189.51
2026-07-30 11:30:00+05:30,426053.97,334.28
2026-07-30 12:30:00+05:30,425874.76999999996,-179.2
2026-07-31 09:35:00+05:30,426493.18999999994,618.42
2026-07-31 10:35:00+05:30,425909.68,-583.51
2026-07-31 11:35:00+05:30,425472.95999999996,-436.72
2026-07-31 13:10:00+05:30,425144.75,-328.21
2026-08-03 09:25:00+05:30,425086.72,-58.03
2026-08-03 11:25:00+05:30,424861.89999999997,-224.82
2026-08-03 11:50:00+05:30,425342.77999999997,480.88
2026-08-03 14:30:00+05:30,424812.25,-530.53
2026-08-03 15:05:00+05:30,425219.5,407.25
2026-08-03 15:05:00+05:30,424704.47,-515.03
2026-08-04 10:05:00+05:30,424211.16,-493.31
2026-08-04 11:15:00+05:30,423676.02999999997,-535.13
2026-08-04 12:20:00+05:30,423956.51999999996,280.49
2026-08-04 12:35:00+05:30,423821.79,-134.73
2026-08-04 14:05:00+05:30,423685.49,-136.3
2026-08-04 14:05:00+05:30,423243.42,-442.07
2026-08-04 14:15:00+05:30,422925.17999999993,-318.24
2026-08-05 10:40:00+05:30,422267.36,-657.82
2026-08-05 10:55:00+05:30,421891.93999999994,-375.42
2026-08-05 11:10:00+05:30,421558.27999999997,-333.66
2026-08-05 11:35:00+05:30,421442.56999999995,-115.71
2026-08-05 12:25:00+05:30,421142.54999999993,-300.02
2026-08-05 14:05:00+05:30,420707.63999999996,-434.91
2026-08-06 09:25:00+05:30,419916.6,-791.04
2026-08-06 10:15:00+05:30,420187.68999999994,271.09
2026-08-06 10:20:00+05:30,420439.97,252.28
2026-08-06 10:50:00+05:30,420115.43999999994,-324.53
2026-08-06 12:10:00+05:30,419779.2899999999,-336.15
2026-08-06 13:15:00+05:30,420331.85,552.56
2026-08-06 14:00:00+05:30,419896.81999999995,-435.03
2026-08-06 15:00:00+05:30,419557.17999999993,-339.64
2026-08-07 10:20:00+05:30,419244.8599999999,-312.32
2026-08-07 10:45:00+05:30,419045.44999999995,-199.41
2026-08-07 10:55:00+05:30,418956.2299999999,-89.22
2026-08-07 11:30:00+05:30,419391.48999999993,435.26
2026-08-07 11:55:00+05:30,419090.87999999995,-300.61
2026-08-07 12:20:00+05:30,418803.9199999999,-286.96
2026-08-07 13:00:00+05:30,418382.54999999993,-421.37
2026-08-07 13:20:00+05:30,418089.7199999999,-292.83
2026-08-10 10:10:00+05:30,417712.86999999994,-376.85
2026-08-10 10:15:00+05:30,417410.19999999995,-302.67
2026-08-10 10:20:00+05:30,417210.3999999999,-199.8
2026-08-10 10:35:00+05:30,416944.2699999999,-266.13
2026-08-10 10:45:00+05:30,417072.2699999999,128.0
2026-08-10 10:50:00+05:30,417152.7799999999,80.51
2026-08-10 10:55:00+05:30,417024.0999999999,-128.68
2026-08-10 15:00:00+05:30,416975.4599999999,-48.64
