symbol,side,signal_time,entry_time,exit_time,entry_price,initial_stop,exit_price,quantity,exit_reason,gross_pnl,costs,net_pnl,r_multiple
RELIANCE,short,2026-05-19 11:30:00+05:30,2026-05-19 11:35:00+05:30,2026-05-19 11:45:00+05:30,1333.8328,1337.4,1338.0687,93,stop,-393.95,74.55,-468.49,-1.4122
AXISBANK,long,2026-05-19 11:40:00+05:30,2026-05-19 11:45:00+05:30,2026-05-19 12:00:00+05:30,1245.3223,1242.7,1242.0786,100,stop,-324.37,74.62,-398.99,-1.5215
KOTAKBANK,short,2026-05-19 10:50:00+05:30,2026-05-19 11:05:00+05:30,2026-05-19 12:15:00+05:30,388.0059,389.3,386.2578,322,target,562.88,74.79,488.09,1.1713
LT,long,2026-05-19 13:25:00+05:30,2026-05-19 13:30:00+05:30,2026-05-19 13:35:00+05:30,3958.9785,3946.8,3944.8266,31,stop,-438.71,73.51,-512.21,-1.3567
SBIN,long,2026-05-19 13:30:00+05:30,2026-05-19 13:35:00+05:30,2026-05-19 13:40:00+05:30,949.9747,948.2,947.7259,131,stop,-294.6,74.58,-369.18,-1.5879
HDFCBANK,short,2026-05-19 14:20:00+05:30,2026-05-19 14:25:00+05:30,2026-05-19 15:00:00+05:30,764.5675,766.25,762.4249,163,target,349.26,74.67,274.59,1.0013
ICICIBANK,short,2026-05-19 14:45:00+05:30,2026-05-19 14:50:00+05:30,2026-05-20 09:25:00+05:30,1241.8788,1245.4,1237.2151,100,target,466.36,74.37,391.99,1.1132
HDFCBANK,short,2026-05-20 10:40:00+05:30,2026-05-20 10:45:00+05:30,2026-05-20 11:10:00+05:30,756.4216,759.3,759.6796,165,stop,-537.58,75.05,-612.63,-1.2899
AXISBANK,long,2026-05-20 11:00:00+05:30,2026-05-20 11:05:00+05:30,2026-05-20 11:20:00+05:30,1243.4214,1239.7,1242.4784,100,stop,-94.3,74.58,-168.88,-0.4538
SBIN,long,2026-05-20 10:55:00+05:30,2026-05-20 11:00:00+05:30,2026-05-20 11:40:00+05:30,946.2729,942.0,947.0263,132,stop,99.44,74.97,24.47,0.0434
RELIANCE,long,2026-05-20 10:30:00+05:30,2026-05-20 10:35:00+05:30,2026-05-20 11:45:00+05:30,1333.4664,1324.7,1345.9429,93,target,1160.31,74.76,1085.55,1.3315
LT,long,2026-05-20 11:40:00+05:30,2026-05-20 11:45:00+05:30,2026-05-20 12:00:00+05:30,3944.9715,3937.0,3935.6313,31,stop,-289.55,73.29,-362.84,-1.4683
ITC,short,2026-05-20 13:10:00+05:30,2026-05-20 13:15:00+05:30,2026-05-20 13:20:00+05:30,306.5467,307.0,307.1535,407,stop,-246.98,74.93,-321.92,-1.7447
KOTAKBANK,long,2026-05-20 14:05:00+05:30,2026-05-20 14:10:00+05:30,2026-05-20 14:35:00+05:30,383.1915,382.3,383.0084,326,stop,-59.69,74.93,-134.62,-0.4632
TCS,short,2026-05-21 10:35:00+05:30,2026-05-21 10:40:00+05:30,2026-05-21 10:45:00+05:30,2315.8415,2322.3999,2323.5611,53,stop,-409.14,73.77,-482.91,-1.3893
KOTAKBANK,short,2026-05-21 11:10:00+05:30,2026-05-21 11:15:00+05:30,2026-05-21 11:25:00+05:30,381.859,382.5,382.6912,327,stop,-272.16,75.0,-347.16,-1.6561
RELIANCE,short,2026-05-21 10:30:00+05:30,2026-05-21 10:35:00+05:30,2026-05-21 11:25:00+05:30,1352.4234,1356.7,1353.0762,92,stop,-60.06,74.67,-134.73,-0.3424
INFY,short,2026-05-21 10:30:00+05:30,2026-05-21 10:35:00+05:30,2026-05-21 11:35:00+05:30,1185.8068,1190.0,1189.9947,105,stop,-439.73,74.84,-514.57,-1.1687
ITC,short,2026-05-21 11:40:00+05:30,2026-05-21 11:45:00+05:30,2026-05-21 12:00:00+05:30,306.9964,308.45,307.8038,407,stop,-328.61,75.07,-403.68,-0.6823
SBIN,short,2026-05-21 12:15:00+05:30,2026-05-21 12:25:00+05:30,2026-05-21 12:50:00+05:30,949.0253,951.6,950.475,131,stop,-189.92,74.65,-264.57,-0.7844
ICICIBANK,short,2026-05-21 12:35:00+05:30,2026-05-21 12:40:00+05:30,2026-05-21 13:00:00+05:30,1239.0801,1242.1,1235.1676,100,target,391.25,74.23,317.03,1.0498
AXISBANK,short,2026-05-21 12:35:00+05:30,2026-05-21 12:40:00+05:30,2026-05-21 13:20:00+05:30,1249.4749,1255.3,1250.2248,100,stop,-74.98,74.99,-149.98,-0.2575
HDFCBANK,short,2026-05-21 12:20:00+05:30,2026-05-21 12:25:00+05:30,2026-05-21 13:40:00+05:30,758.4206,760.95,757.5786,164,stop,138.08,74.59,63.5,0.1531
LT,long,2026-05-22 09:40:00+05:30,2026-05-22 09:50:00+05:30,2026-05-22 10:05:00+05:30,3945.5719,3933.7,3931.7331,31,stop,-429.0,73.26,-502.26,-1.3647
INFY,long,2026-05-22 10:30:00+05:30,2026-05-22 10:35:00+05:30,2026-05-22 10:55:00+05:30,1186.593,1181.9,1186.4065,105,stop,-19.58,74.75,-94.33,-0.1914
TCS,long,2026-05-22 10:30:00+05:30,2026-05-22 10:40:00+05:30,2026-05-22 10:55:00+05:30,2339.8693,2330.3,2329.1349,53,stop,-568.92,74.24,-643.16,-1.2681
RELIANCE,long,2026-05-22 11:40:00+05:30,2026-05-22 11:45:00+05:30,2026-05-22 12:25:00+05:30,1358.9792,1356.3,1357.321,91,stop,-150.9,74.15,-225.05,-0.9231
AXISBANK,long,2026-05-22 12:00:00+05:30,2026-05-22 12:05:00+05:30,2026-05-22 12:40:00+05:30,1278.2388,1276.1,1280.8063,97,target,249.05,74.47,174.58,0.8415
HDFCBANK,long,2026-05-22 12:50:00+05:30,2026-05-22 12:55:00+05:30,2026-05-22 13:15:00+05:30,771.3855,769.9,769.5151,162,stop,-303.01,74.89,-377.9,-1.5703
ICICIBANK,long,2026-05-22 11:40:00+05:30,2026-05-22 11:45:00+05:30,2026-05-22 13:15:00+05:30,1264.532,1260.3,1265.6669,98,stop,111.22,74.39,36.83,0.0888
KOTAKBANK,long,2026-05-22 13:30:00+05:30,2026-05-22 13:40:00+05:30,2026-05-22 13:55:00+05:30,385.9429,385.0,384.8075,323,stop,-366.73,74.69,-441.41,-1.4494
ITC,short,2026-05-22 14:25:00+05:30,2026-05-22 14:30:00+05:30,2026-05-22 15:10:00+05:30,302.7485,303.7,301.472,412,target,525.94,74.68,451.25,1.1511
AXISBANK,long,2026-05-25 11:35:00+05:30,2026-05-25 11:40:00+05:30,2026-05-25 11:55:00+05:30,1304.552,1301.6,1301.349,95,stop,-304.28,74.27,-378.55,-1.3498
SBIN,long,2026-05-25 11:35:00+05:30,2026-05-25 11:40:00+05:30,2026-05-25 12:00:00+05:30,964.9822,962.7,962.8183,129,stop,-279.14,74.61,-353.75,-1.2016
ITC,short,2026-05-25 11:25:00+05:30,2026-05-25 11:30:00+05:30,2026-05-25 12:55:00+05:30,303.4482,304.1,302.6217,411,target,339.68,74.73,264.95,0.989
HDFCBANK,long,2026-05-25 13:00:00+05:30,2026-05-25 13:05:00+05:30,2026-05-25 13:25:00+05:30,785.2925,782.9,783.9578,159,stop,-212.21,74.85,-287.07,-0.7546
LT,long,2026-05-25 14:00:00+05:30,2026-05-25 14:05:00+05:30,2026-05-26 09:25:00+05:30,4030.6144,4022.0,4024.4868,31,stop,-189.96,74.91,-264.87,-0.9918
KOTAKBANK,short,2026-05-26 09:45:00+05:30,2026-05-26 09:50:00+05:30,2026-05-26 10:15:00+05:30,389.6551,390.9,389.8448,320,stop,-60.72,74.83,-135.55,-0.3403
TCS,short,2026-05-26 09:55:00+05:30,2026-05-26 10:00:00+05:30,2026-05-26 10:30:00+05:30,2296.3513,2304.3,2299.0489,54,stop,-145.67,74.45,-220.12,-0.5128
HDFCBANK,long,2026-05-26 10:20:00+05:30,2026-05-26 10:25:00+05:30,2026-05-26 10:50:00+05:30,790.445,787.6,788.7554,158,stop,-266.95,74.85,-341.81,-0.7604
LT,long,2026-05-26 11:15:00+05:30,2026-05-26 11:20:00+05:30,2026-05-26 11:50:00+05:30,4050.024,4030.0,4038.5798,30,stop,-343.33,72.8,-416.12,-0.6927
AXISBANK,short,2026-05-26 11:05:00+05:30,2026-05-26 11:10:00+05:30,2026-05-26 12:20:00+05:30,1303.348,1309.3,1302.2508,95,stop,104.24,74.26,29.98,0.053
ITC,short,2026-05-26 11:55:00+05:30,2026-05-26 12:00:00+05:30,2026-05-26 12:55:00+05:30,301.949,302.8,301.8008,413,stop,61.18,74.8,-13.62,-0.0388
RELIANCE,short,2026-05-26 14:00:00+05:30,2026-05-26 14:10:00+05:30,2026-05-26 14:20:00+05:30,1355.5219,1358.3,1358.9792,92,stop,-318.08,74.92,-393.0,-1.5376
AXISBANK,short,2026-05-27 09:25:00+05:30,2026-05-27 09:30:00+05:30,2026-05-27 10:05:00+05:30,1294.0526,1301.3,1301.9507,96,stop,-758.22,74.76,-832.98,-1.1972
TCS,short,2026-05-27 09:30:00+05:30,2026-05-27 09:40:00+05:30,2026-05-27 10:10:00+05:30,2267.9655,2276.6001,2271.135,55,stop,-174.32,74.9,-249.22,-0.5248
KOTAKBANK,long,2026-05-27 10:10:00+05:30,2026-05-27 10:15:00+05:30,2026-05-27 10:35:00+05:30,389.8448,389.0,389.0054,320,stop,-268.61,74.77,-343.38,-1.2702
ICICIBANK,long,2026-05-27 10:05:00+05:30,2026-05-27 10:10:00+05:30,2026-05-27 10:40:00+05:30,1288.8441,1283.7,1288.6554,96,stop,-18.11,74.23,-92.34,-0.187
LT,long,2026-05-27 10:50:00+05:30,2026-05-27 11:05:00+05:30,2026-05-27 11:20:00+05:30,4068.033,4054.5,4057.97,30,stop,-301.89,73.13,-375.02,-0.9237
HDFCBANK,short,2026-05-27 14:40:00+05:30,2026-05-27 14:45:00+05:30,2026-05-27 15:15:00+05:30,757.621,759.95,759.7797,164,stop,-354.03,74.66,-428.69,-1.1223
RELIANCE,short,2026-05-27 14:40:00+05:30,2026-05-27 14:50:00+05:30,2026-05-27 15:25:00+05:30,1349.325,1354.3,1352.676,92,stop,-308.29,74.58,-382.87,-0.8365
ITC,short,2026-05-29 10:55:00+05:30,2026-05-29 11:00:00+05:30,2026-05-29 11:10:00+05:30,288.7056,289.2,289.3446,432,stop,-276.06,74.92,-350.98,-1.6432
HDFCBANK,long,2026-05-29 11:00:00+05:30,2026-05-29 11:05:00+05:30,2026-05-29 11:15:00+05:30,760.7802,758.5,758.1208,164,stop,-436.15,74.73,-510.88,-1.3662
RELIANCE,short,2026-05-29 10:20:00+05:30,2026-05-29 10:30:00+05:30,2026-05-29 11:15:00+05:30,1343.8278,1349.9,1343.5715,93,stop,23.83,74.98,-51.14,-0.0906
KOTAKBANK,long,2026-05-29 10:45:00+05:30,2026-05-29 10:50:00+05:30,2026-05-29 11:20:00+05:30,390.6452,390.0,391.4173,319,target,246.28,74.84,171.44,0.8329
LT,long,2026-05-29 12:50:00+05:30,2026-05-29 12:55:00+05:30,2026-05-29 13:10:00+05:30,4117.0575,4108.2998,4107.6453,30,stop,-282.36,74.02,-356.39,-1.3565
TCS,short,2026-05-29 11:55:00+05:30,2026-05-29 12:05:00+05:30,2026-05-29 13:20:00+05:30,2294.3522,2300.8,2285.8229,54,target,460.59,74.2,386.39,1.1097
AXISBANK,short,2026-05-29 13:05:00+05:30,2026-05-29 13:10:00+05:30,2026-05-29 13:25:00+05:30,1295.352,1299.2,1298.4489,96,stop,-297.31,74.7,-372.01,-1.0071
SBIN,short,2026-05-29 13:10:00+05:30,2026-05-29 13:15:00+05:30,2026-05-29 13:50:00+05:30,964.5175,966.0,962.7749,129,target,224.8,74.59,150.21,0.7854
ICICIBANK,short,2026-05-29 14:45:00+05:30,2026-05-29 15:00:00+05:30,2026-05-29 15:05:00+05:30,1266.7663,1270.4,1261.9464,98,target,472.35,74.34,398.01,1.1177
HDFCBANK,short,2026-06-01 09:40:00+05:30,2026-06-01 09:45:00+05:30,2026-06-01 10:10:00+05:30,743.1782,747.25,746.323,168,stop,-528.32,75.07,-603.39,-0.8821
SBIN,short,2026-06-01 10:40:00+05:30,2026-06-01 10:45:00+05:30,2026-06-01 10:50:00+05:30,959.6199,961.9,962.381,130,stop,-358.94,74.96,-433.89,-1.4638
ITC,short,2026-06-01 10:55:00+05:30,2026-06-01 11:00:00+05:30,2026-06-01 11:15:00+05:30,284.0579,285.3,284.7923,440,stop,-323.14,75.09,-398.23,-0.7287
LT,short,2026-06-01 11:55:00+05:30,2026-06-01 12:00:00+05:30,2026-06-01 12:20:00+05:30,4043.0775,4063.3999,4060.029,30,stop,-508.54,72.93,-581.47,-0.9537
INFY,long,2026-06-01 12:15:00+05:30,2026-06-01 12:20:00+05:30,2026-06-01 12:35:00+05:30,1216.608,1213.0,1212.3935,102,stop,-429.88,74.33,-504.21,-1.3701
ICICIBANK,short,2026-06-01 11:55:00+05:30,2026-06-01 12:00:00+05:30,2026-06-01 12:50:00+05:30,1247.7758,1252.8,1246.523,100,stop,125.28,74.83,50.46,0.1004
TCS,long,2026-06-01 12:05:00+05:30,2026-06-01 12:10:00+05:30,2026-06-01 13:00:00+05:30,2332.6657,2324.1001,2328.5351,53,stop,-218.92,74.11,-293.04,-0.6455
AXISBANK,short,2026-06-01 11:55:00+05:30,2026-06-01 12:00:00+05:30,2026-06-01 13:10:00+05:30,1275.0621,1279.6,1268.8894,98,target,604.92,74.79,530.13,1.1921
KOTAKBANK,short,2026-06-01 13:00:00+05:30,2026-06-01 13:05:00+05:30,2026-06-01 13:20:00+05:30,378.2108,379.35,378.5892,330,stop,-124.87,74.92,-199.8,-0.5315
RELIANCE,short,2026-06-01 14:00:00+05:30,2026-06-01 14:05:00+05:30,2026-06-01 14:40:00+05:30,1319.8398,1323.6,1321.7605,94,stop,-180.55,74.49,-255.05,-0.7216
LT,short,2026-06-02 11:25:00+05:30,2026-06-02 11:35:00+05:30,2026-06-02 12:10:00+05:30,3938.4297,3948.8,3937.8679,31,stop,17.42,73.25,-55.83,-0.1737
ICICIBANK,short,2026-06-02 11:35:00+05:30,2026-06-02 11:40:00+05:30,2026-06-02 12:15:00+05:30,1223.388,1227.9,1225.6125,102,stop,-226.9,74.94,-301.84,-0.6558
SBIN,short,2026-06-02 12:20:00+05:30,2026-06-02 12:25:00+05:30,2026-06-02 12:40:00+05:30,942.0787,944.8,944.472,132,stop,-315.91,74.71,-390.62,-1.0875
RELIANCE,short,2026-06-02 12:25:00+05:30,2026-06-02 12:30:00+05:30,2026-06-02 12:45:00+05:30,1301.1491,1306.0,1305.7525,96,stop,-441.92,75.08,-517.0,-1.1102
ITC,long,2026-06-02 12:35:00+05:30,2026-06-02 12:40:00+05:30,2026-06-02 13:00:00+05:30,281.1405,280.55,280.8595,444,stop,-124.76,74.86,-199.62,-0.7614
HDFCBANK,long,2026-06-02 10:55:00+05:30,2026-06-02 11:00:00+05:30,2026-06-02 13:10:00+05:30,745.8727,740.4,750.6245,167,stop,793.54,74.97,718.57,0.7862
KOTAKBANK,long,2026-06-02 12:45:00+05:30,2026-06-02 12:50:00+05:30,2026-06-02 13:10:00+05:30,380.6902,378.85,380.3098,328,stop,-124.8,74.88,-199.69,-0.3308
TCS,long,2026-06-02 12:30:00+05:30,2026-06-02 12:45:00+05:30,2026-06-02 13:15:00+05:30,2448.7237,2431.1001,2439.3798,51,stop,-476.54,74.79,-551.33,-0.6134
RELIANCE,short,2026-06-03 10:55:00+05:30,2026-06-03 11:00:00+05:30,2026-06-03 11:20:00+05:30,1305.347,1307.0,1305.5525,95,stop,-19.52,74.41,-93.93,-0.5982
ITC,short,2026-06-03 11:55:00+05:30,2026-06-03 12:00:00+05:30,2026-06-03 12:15:00+05:30,275.2623,276.1,276.088,454,stop,-374.86,75.09,-449.96,-1.1831
KOTAKBANK,long,2026-06-03 12:30:00+05:30,2026-06-03 12:35:00+05:30,2026-06-03 12:55:00+05:30,379.7898,377.35,378.6606,329,stop,-371.52,74.86,-446.37,-0.5561
HDFCBANK,long,2026-06-03 12:30:00+05:30,2026-06-03 12:35:00+05:30,2026-06-03 13:40:00+05:30,750.425,746.3,748.4756,166,stop,-323.61,74.65,-398.26,-0.5816
AXISBANK,long,2026-06-03 12:30:00+05:30,2026-06-03 12:35:00+05:30,2026-06-03 13:45:00+05:30,1253.4264,1246.0,1263.9338,99,target,1040.23,74.77,965.47,1.3132
TCS,short,2026-06-03 13:30:00+05:30,2026-06-03 13:35:00+05:30,2026-06-03 13:45:00+05:30,2234.6821,2242.0,2243.121,55,stop,-464.14,73.88,-538.02,-1.3368
KOTAKBANK,long,2026-06-04 10:50:00+05:30,2026-06-04 10:55:00+05:30,2026-06-04 11:00:00+05:30,383.8418,382.15,381.9589,325,stop,-611.94,74.67,-686.61,-1.2487
ICICIBANK,long,2026-06-04 11:10:00+05:30,2026-06-04 11:15:00+05:30,2026-06-04 11:30:00+05:30,1253.2263,1249.0,1248.3755,99,stop,-480.23,74.3,-554.52,-1.3253
ITC,long,2026-06-04 09:55:00+05:30,2026-06-04 10:10:00+05:30,2026-06-04 11:35:00+05:30,278.6393,277.65,279.9831,448,target,602.03,75.08,526.95,1.189
SBIN,long,2026-06-04 11:30:00+05:30,2026-06-04 11:35:00+05:30,2026-06-04 11:50:00+05:30,982.8412,980.0,982.4086,127,stop,-54.94,74.88,-129.81,-0.3598
HDFCBANK,long,2026-06-04 12:05:00+05:30,2026-06-04 12:10:00+05:30,2026-06-04 12:35:00+05:30,755.2274,750.6,752.1737,165,stop,-503.86,74.62,-578.47,-0.7576
AXISBANK,short,2026-06-04 13:10:00+05:30,2026-06-04 13:15:00+05:30,2026-06-04 14:15:00+05:30,1246.7763,1251.9,1252.0257,100,stop,-524.94,74.96,-599.9,-1.1708
HDFCBANK,long,2026-06-05 09:30:00+05:30,2026-06-05 09:35:00+05:30,2026-06-05 09:40:00+05:30,758.279,755.55,755.1722,164,stop,-509.51,74.46,-583.97,-1.3048
AXISBANK,long,2026-06-05 10:00:00+05:30,2026-06-05 10:05:00+05:30,2026-06-05 10:25:00+05:30,1259.8296,1255.2,1266.1406,99,target,624.79,75.02,549.77,1.1995
SBIN,long,2026-06-05 10:20:00+05:30,2026-06-05 10:25:00+05:30,2026-06-05 10:30:00+05:30,989.2444,986.0,985.507,126,stop,-470.91,74.65,-545.55,-1.3346
LT,short,2026-06-05 10:35:00+05:30,2026-06-05 10:40:00+05:30,2026-06-05 10:55:00+05:30,3927.0355,3940.1001,3939.2687,31,stop,-379.23,73.16,-452.39,-1.117
ICICIBANK,short,2026-06-05 10:35:00+05:30,2026-06-05 10:40:00+05:30,2026-06-05 11:00:00+05:30,1249.6749,1255.4,1256.0277,100,stop,-635.28,75.17,-710.45,-1.2409
INFY,short,2026-06-05 10:35:00+05:30,2026-06-05 10:50:00+05:30,2026-06-05 11:00:00+05:30,1201.5989,1203.5,1204.1018,104,stop,-260.3,75.06,-335.36,-1.6961
KOTAKBANK,short,2026-06-05 10:35:00+05:30,2026-06-05 10:40:00+05:30,2026-06-05 11:00:00+05:30,378.4607,380.3,380.4901,330,stop,-669.72,75.14,-744.86,-1.2272
ITC,short,2026-06-05 10:35:00+05:30,2026-06-05 10:45:00+05:30,2026-06-05 11:05:00+05:30,278.8105,279.75,279.3396,448,stop,-237.03,75.02,-312.04,-0.7414
TCS,short,2026-06-05 12:20:00+05:30,2026-06-05 12:25:00+05:30,2026-06-05 12:35:00+05:30,2218.1904,2223.2,2211.7814,56,target,358.9,74.42,284.48,1.0141
RELIANCE,short,2026-06-05 13:05:00+05:30,2026-06-05 13:10:00+05:30,2026-06-05 14:15:00+05:30,1292.5534,1295.8,1292.646,96,stop,-8.89,74.45,-83.35,-0.2674
SBIN,long,2026-06-08 09:25:00+05:30,2026-06-08 09:30:00+05:30,2026-06-08 09:45:00+05:30,983.1413,974.85,982.7584,127,stop,-48.64,74.9,-123.54,-0.1173
INFY,long,2026-06-08 10:40:00+05:30,2026-06-08 10:45:00+05:30,2026-06-08 11:10:00+05:30,1198.1988,1192.5,1194.4025,104,stop,-394.81,74.65,-469.46,-0.7921
ITC,long,2026-06-08 11:00:00+05:30,2026-06-08 11:05:00+05:30,2026-06-08 11:30:00+05:30,281.7908,281.0,282.8356,443,target,462.82,75.04,387.78,1.1069
KOTAKBANK,long,2026-06-08 12:40:00+05:30,2026-06-08 12:45:00+05:30,2026-06-08 13:00:00+05:30,378.139,377.25,377.1613,330,stop,-322.63,74.77,-397.4,-1.3546
RELIANCE,short,2026-06-08 13:05:00+05:30,2026-06-08 13:10:00+05:30,2026-06-08 13:55:00+05:30,1273.4629,1275.9,1273.4364,98,stop,2.59,74.88,-72.28,-0.3027
HDFCBANK,short,2026-06-09 10:20:00+05:30,2026-06-09 10:30:00+05:30,2026-06-09 11:20:00+05:30,735.8319,737.5,733.6964,169,target,360.89,74.51,286.39,1.0159
RELIANCE,short,2026-06-09 10:45:00+05:30,2026-06-09 10:50:00+05:30,2026-06-09 11:35:00+05:30,1261.6689,1267.0,1265.3323,99,stop,-362.68,75.05,-437.73,-0.8294
SBIN,long,2026-06-09 11:35:00+05:30,2026-06-09 11:40:00+05:30,2026-06-09 11:50:00+05:30,992.1959,990.0,994.9919,125,target,349.51,74.52,274.99,1.0018
ICICIBANK,long,2026-06-09 12:10:00+05:30,2026-06-09 12:15:00+05:30,2026-06-09 12:30:00+05:30,1268.4339,1265.4,1272.3483,98,target,383.61,74.7,308.91,1.039
INFY,short,2026-06-09 12:35:00+05:30,2026-06-09 12:40:00+05:30,2026-06-09 13:00:00+05:30,1170.4145,1174.7,1172.3859,106,stop,-208.97,74.5,-283.47,-0.624
TCS,short,2026-06-09 12:40:00+05:30,2026-06-09 12:50:00+05:30,2026-06-09 13:15:00+05:30,2138.4303,2147.5,2143.6714,58,stop,-303.99,74.51,-378.5,-0.7195
ITC,short,2026-06-09 12:40:00+05:30,2026-06-09 12:45:00+05:30,2026-06-09 13:45:00+05:30,278.7605,279.3,278.9894,448,stop,-102.54,74.96,-177.5,-0.7345
HDFCBANK,long,2026-06-10 09:55:00+05:30,2026-06-10 10:00:00+05:30,2026-06-10 10:05:00+05:30,745.6226,741.25,740.8794,167,stop,-792.12,74.47,-866.6,-1.1867
SBIN,long,2026-06-10 10:30:00+05:30,2026-06-10 10:35:00+05:30,2026-06-10 10:45:00+05:30,1010.3549,1007.65,1007.1462,123,stop,-394.67,74.45,-469.12,-1.41
KOTAKBANK,long,2026-06-10 12:15:00+05:30,2026-06-10 12:20:00+05:30,2026-06-10 12:25:00+05:30,390.0449,389.35,389.1553,320,stop,-284.67,74.8,-359.48,-1.6165
LT,long,2026-06-10 11:35:00+05:30,2026-06-10 11:40:00+05:30,2026-06-10 12:45:00+05:30,3943.8709,3934.3999,3938.03,31,stop,-181.07,73.3,-254.37,-0.8664
ITC,long,2026-06-10 12:45:00+05:30,2026-06-10 12:50:00+05:30,2026-06-10 13:10:00+05:30,284.3421,283.45,285.5374,439,target,524.74,75.05,449.69,1.1482
INFY,short,2026-06-10 13:45:00+05:30,2026-06-10 13:50:00+05:30,2026-06-10 14:05:00+05:30,1148.0257,1150.8,1150.9752,108,stop,-318.55,74.49,-393.04,-1.3117
RELIANCE,short,2026-06-10 13:05:00+05:30,2026-06-10 13:10:00+05:30,2026-06-10 15:00:00+05:30,1268.9652,1274.7,1260.9932,98,target,781.25,74.38,706.87,1.2578
TCS,long,2026-06-11 11:15:00+05:30,2026-06-11 11:20:00+05:30,2026-06-11 11:25:00+05:30,2149.074,2141.7,2140.6291,58,stop,-489.8,74.64,-564.44,-1.3197
AXISBANK,long,2026-06-11 11:00:00+05:30,2026-06-11 11:05:00+05:30,2026-06-11 11:40:00+05:30,1327.4634,1324.0,1331.9923,94,target,425.71,75.0,350.71,1.0773
KOTAKBANK,long,2026-06-11 11:00:00+05:30,2026-06-11 11:05:00+05:30,2026-06-11 11:50:00+05:30,390.9454,388.9,393.8164,319,target,915.87,75.1,840.77,1.2886
HDFCBANK,long,2026-06-11 11:45:00+05:30,2026-06-11 11:50:00+05:30,2026-06-11 12:10:00+05:30,749.5746,746.35,754.0344,166,target,740.32,74.88,665.44,1.2431
RELIANCE,long,2026-06-11 11:20:00+05:30,2026-06-11 11:25:00+05:30,2026-06-11 12:30:00+05:30,1270.1347,1266.5,1274.9491,98,target,471.8,74.83,396.98,1.1145
ICICIBANK,long,2026-06-11 12:20:00+05:30,2026-06-11 12:25:00+05:30,2026-06-11 12:40:00+05:30,1325.9627,1323.1,1329.5917,94,target,341.12,74.89,266.24,0.9894
LT,short,2026-06-11 12:45:00+05:30,2026-06-11 12:50:00+05:30,2026-06-11 12:55:00+05:30,3868.065,3877.0,3878.9385,32,stop,-347.95,74.37,-422.32,-1.4771
AXISBANK,short,2026-06-12 10:40:00+05:30,2026-06-12 10:45:00+05:30,2026-06-12 10:50:00+05:30,1318.5404,1322.0,1322.661,94,stop,-387.34,74.48,-461.82,-1.4201
SBIN,short,2026-06-12 12:40:00+05:30,2026-06-12 12:45:00+05:30,2026-06-12 13:00:00+05:30,1004.6974,1007.65,1007.0032,124,stop,-285.92,74.84,-360.76,-0.9853
ITC,long,2026-06-12 13:35:00+05:30,2026-06-12 13:50:00+05:30,2026-06-12 13:55:00+05:30,284.7423,284.35,284.2078,438,stop,-234.1,74.76,-308.86,-1.7975
HDFCBANK,long,2026-06-12 13:25:00+05:30,2026-06-12 13:30:00+05:30,2026-06-12 14:10:00+05:30,762.7812,759.2,767.769,163,target,813.0,74.84,738.16,1.2645
INFY,short,2026-06-12 14:25:00+05:30,2026-06-12 14:30:00+05:30,2026-06-12 14:45:00+05:30,1112.8433,1117.4,1114.7571,112,stop,-214.34,74.85,-289.18,-0.5666
ICICIBANK,short,2026-06-15 12:00:00+05:30,2026-06-15 12:05:00+05:30,2026-06-15 12:40:00+05:30,1339.33,1342.7,1340.4699,93,stop,-106.02,74.77,-180.78,-0.5768
KOTAKBANK,short,2026-06-15 12:05:00+05:30,2026-06-15 12:10:00+05:30,2026-06-15 12:40:00+05:30,404.0479,405.4,404.3521,309,stop,-94.0,74.94,-168.93,-0.4043
TCS,short,2026-06-15 13:45:00+05:30,2026-06-15 13:50:00+05:30,2026-06-15 14:05:00+05:30,2166.1164,2171.2,2172.0855,57,stop,-340.24,74.18,-414.42,-1.4302
ITC,long,2026-06-15 13:55:00+05:30,2026-06-15 14:00:00+05:30,2026-06-15 14:15:00+05:30,288.7443,287.9,287.956,432,stop,-340.57,74.74,-415.31,-1.1386
HDFCBANK,short,2026-06-15 13:40:00+05:30,2026-06-15 13:50:00+05:30,2026-06-15 14:20:00+05:30,777.2612,779.4,779.7897,160,stop,-404.56,74.74,-479.3,-1.4006
HDFCBANK,long,2026-06-16 09:45:00+05:30,2026-06-16 09:50:00+05:30,2026-06-16 10:05:00+05:30,783.7917,780.55,780.2597,159,stop,-561.59,74.61,-636.2,-1.2343
AXISBANK,short,2026-06-16 10:00:00+05:30,2026-06-16 10:05:00+05:30,2026-06-16 10:10:00+05:30,1350.2246,1357.3,1357.9787,92,stop,-713.38,74.75,-788.13,-1.2107
ICICIBANK,short,2026-06-16 10:00:00+05:30,2026-06-16 10:05:00+05:30,2026-06-16 10:20:00+05:30,1325.9367,1330.7,1329.3643,94,stop,-322.2,74.88,-397.08,-0.8868
INFY,long,2026-06-16 10:15:00+05:30,2026-06-16 10:20:00+05:30,2026-06-16 10:35:00+05:30,1147.5735,1141.7,1146.2266,108,stop,-145.46,74.32,-219.78,-0.3465
SBIN,short,2026-06-16 10:55:00+05:30,2026-06-16 11:05:00+05:30,2026-06-16 12:00:00+05:30,1014.1927,1018.0,1012.3559,123,stop,225.92,74.78,151.14,0.3227
ITC,long,2026-06-16 11:25:00+05:30,2026-06-16 11:30:00+05:30,2026-06-16 12:15:00+05:30,290.4952,289.95,290.2048,430,stop,-124.85,74.91,-199.76,-0.8521
KOTAKBANK,long,2026-06-16 11:05:00+05:30,2026-06-16 11:15:00+05:30,2026-06-16 12:50:00+05:30,407.6537,406.0,407.1963,306,stop,-139.98,74.8,-214.78,-0.4244
RELIANCE,long,2026-06-16 13:05:00+05:30,2026-06-16 13:10:00+05:30,2026-06-16 13:15:00+05:30,1332.666,1330.6,1329.9347,93,stop,-254.01,74.29,-328.3,-1.7086
TCS,long,2026-06-16 14:30:00+05:30,2026-06-16 14:35:00+05:30,2026-06-17 09:25:00+05:30,2194.5967,2188.3,2202.9398,56,target,467.21,73.88,393.33,1.1155
LT,short,2026-06-16 14:40:00+05:30,2026-06-16 14:45:00+05:30,2026-06-17 09:40:00+05:30,4178.01,4194.0,4181.79,29,stop,-109.62,72.73,-182.35,-0.3932
ITC,long,2026-06-17 09:35:00+05:30,2026-06-17 09:40:00+05:30,2026-06-17 09:50:00+05:30,292.3961,291.7,291.5542,427,stop,-359.52,74.8,-434.32,-1.4612
HDFCBANK,long,2026-06-17 10:30:00+05:30,2026-06-17 10:35:00+05:30,2026-06-17 11:30:00+05:30,788.9943,786.25,792.7141,158,target,587.74,74.97,512.76,1.1826
AXISBANK,short,2026-06-17 11:35:00+05:30,2026-06-17 11:40:00+05:30,2026-06-17 11:45:00+05:30,1350.3245,1354.9,1355.5775,92,stop,-483.27,74.68,-557.96,-1.3255
LT,long,2026-06-17 11:40:00+05:30,2026-06-17 11:45:00+05:30,2026-06-17 12:00:00+05:30,4203.2006,4195.0,4193.1026,29,stop,-292.84,73.05,-365.89,-1.5385
ICICIBANK,short,2026-06-17 12:10:00+05:30,2026-06-17 12:15:00+05:30,2026-06-17 12:35:00+05:30,1333.6329,1340.1,1337.0682,93,stop,-319.49,74.51,-394.0,-0.6551
KOTAKBANK,short,2026-06-17 12:15:00+05:30,2026-06-17 12:20:00+05:30,2026-06-17 12:40:00+05:30,405.5471,406.4,404.47,308,target,331.77,74.85,256.92,0.9781
SBIN,long,2026-06-17 12:00:00+05:30,2026-06-17 12:05:00+05:30,2026-06-17 14:30:00+05:30,1021.3104,1018.15,1021.6889,122,stop,46.18,74.77,-28.59,-0.0742
AXISBANK,short,2026-06-18 09:40:00+05:30,2026-06-18 09:45:00+05:30,2026-06-18 10:30:00+05:30,1348.3255,1352.5,1351.1753,92,stop,-262.18,74.51,-336.68,-0.8767
KOTAKBANK,short,2026-06-18 10:20:00+05:30,2026-06-18 10:25:00+05:30,2026-06-18 10:30:00+05:30,402.1488,403.0,403.2015,310,stop,-326.33,74.9,-401.22,-1.5206
ICICIBANK,short,2026-06-18 10:30:00+05:30,2026-06-18 10:35:00+05:30,2026-06-18 10:45:00+05:30,1332.9332,1334.5,1335.1672,93,stop,-207.77,74.44,-282.21,-1.9367
LT,short,2026-06-18 10:15:00+05:30,2026-06-18 10:25:00+05:30,2026-06-18 10:45:00+05:30,4193.902,4202.0,4183.8459,29,target,291.63,72.89,218.74,0.9314
TCS,short,2026-06-18 12:40:00+05:30,2026-06-18 12:45:00+05:30,2026-06-18 12:50:00+05:30,2184.907,2188.8999,2189.9944,57,stop,-289.98,74.81,-364.79,-1.6028
SBIN,long,2026-06-18 13:30:00+05:30,2026-06-18 13:35:00+05:30,2026-06-18 14:35:00+05:30,1042.3209,1038.95,1041.1292,119,stop,-141.82,74.38,-216.2,-0.5389
RELIANCE,short,2026-06-18 14:25:00+05:30,2026-06-18 14:30:00+05:30,2026-06-18 15:00:00+05:30,1322.0386,1326.3,1325.6625,94,stop,-340.65,74.67,-415.31,-1.0368
AXISBANK,short,2026-06-19 10:00:00+05:30,2026-06-19 10:10:00+05:30,2026-06-19 11:10:00+05:30,1353.2231,1355.9,1353.7765,92,stop,-50.92,74.71,-125.63,-0.5101
ICICIBANK,long,2026-06-19 11:25:00+05:30,2026-06-19 11:35:00+05:30,2026-06-19 12:00:00+05:30,1349.4744,1347.1,1347.0261,92,stop,-225.25,74.42,-299.67,-1.3718
LT,long,2026-06-19 11:55:00+05:30,2026-06-19 12:00:00+05:30,2026-06-19 12:25:00+05:30,4206.0019,4181.1001,4202.4978,29,stop,-101.62,73.15,-174.77,-0.242
KOTAKBANK,short,2026-06-19 12:35:00+05:30,2026-06-19 12:40:00+05:30,2026-06-19 13:10:00+05:30,399.6001,400.15,398.9746,312,target,195.15,74.75,120.4,0.7018
SBIN,short,2026-06-19 12:55:00+05:30,2026-06-19 13:00:00+05:30,2026-06-19 13:15:00+05:30,1030.3846,1032.85,1033.0663,121,stop,-324.49,74.9,-399.39,-1.3388
HDFCBANK,short,2026-06-19 12:55:00+05:30,2026-06-19 13:00:00+05:30,2026-06-19 13:30:00+05:30,777.611,778.95,777.8887,160,stop,-44.44,74.66,-119.1,-0.5559
RELIANCE,short,2026-06-19 13:05:00+05:30,2026-06-19 13:10:00+05:30,2026-06-19 13:30:00+05:30,1323.8378,1326.0,1326.663,94,stop,-265.57,74.74,-340.32,-1.6744
AXISBANK,long,2026-06-22 11:20:00+05:30,2026-06-22 11:25:00+05:30,2026-06-22 11:40:00+05:30,1365.5825,1362.2,1361.8188,91,stop,-342.5,74.46,-416.96,-1.3546
LT,short,2026-06-22 12:25:00+05:30,2026-06-22 12:30:00+05:30,2026-06-22 13:20:00+05:30,4197.5003,4204.1001,4198.098,29,stop,-17.33,73.04,-90.38,-0.4722
ITC,short,2026-06-22 13:00:00+05:30,2026-06-22 13:05:00+05:30,2026-06-22 13:35:00+05:30,290.6546,291.15,290.7453,430,stop,-39.01,75.0,-114.01,-0.5352
AXISBANK,long,2026-06-23 09:35:00+05:30,2026-06-23 09:40:00+05:30,2026-06-23 09:55:00+05:30,1367.7835,1361.8,1362.7183,91,stop,-460.93,74.54,-535.48,-0.9834
HDFCBANK,long,2026-06-23 09:50:00+05:30,2026-06-23 09:55:00+05:30,2026-06-23 10:10:00+05:30,788.9943,786.45,787.8559,158,stop,-179.87,74.74,-254.61,-0.6334
ITC,long,2026-06-23 09:45:00+05:30,2026-06-23 09:50:00+05:30,2026-06-23 10:15:00+05:30,292.3461,291.45,292.4037,427,stop,24.6,74.91,-50.31,-0.1315
LT,long,2026-06-23 10:55:00+05:30,2026-06-23 11:00:00+05:30,2026-06-23 11:10:00+05:30,4230.0139,4223.2002,4238.1142,29,target,234.91,73.67,161.24,0.816
KOTAKBANK,long,2026-06-23 11:05:00+05:30,2026-06-23 11:10:00+05:30,2026-06-23 11:25:00+05:30,404.9024,403.7,403.9979,308,stop,-278.57,74.74,-353.31,-0.9541
RELIANCE,short,2026-06-23 11:50:00+05:30,2026-06-23 11:55:00+05:30,2026-06-23 12:20:00+05:30,1323.5379,1325.8,1320.8046,94,target,256.92,74.57,182.35,0.8575
INFY,short,2026-06-23 12:20:00+05:30,2026-06-23 12:30:00+05:30,2026-06-23 12:55:00+05:30,1032.9832,1034.6,1035.1173,121,stop,-258.22,75.07,-333.29,-1.7037
TCS,short,2026-06-23 13:25:00+05:30,2026-06-23 13:30:00+05:30,2026-06-23 14:10:00+05:30,2059.9695,2066.8999,2066.7328,60,stop,-405.8,74.28,-480.08,-1.1545
LT,long,2026-06-24 09:35:00+05:30,2026-06-24 09:40:00+05:30,2026-06-24 09:45:00+05:30,4212.105,4196.0,4193.902,29,stop,-527.89,73.13,-601.02,-1.2869
TCS,long,2026-06-24 09:40:00+05:30,2026-06-24 09:45:00+05:30,2026-06-24 10:00:00+05:30,2079.2391,2063.0,2069.065,60,stop,-610.44,74.67,-685.11,-0.7032
SBIN,short,2026-06-24 09:30:00+05:30,2026-06-24 09:35:00+05:30,2026-06-24 10:10:00+05:30,1021.7389,1026.85,1026.8632,122,stop,-625.16,74.98,-700.14,-1.1228
HDFCBANK,long,2026-06-24 09:55:00+05:30,2026-06-24 10:00:00+05:30,2026-06-24 10:55:00+05:30,781.8907,778.9,785.9836,159,target,650.77,74.79,575.98,1.2113
INFY,long,2026-06-24 10:55:00+05:30,2026-06-24 11:10:00+05:30,2026-06-24 11:30:00+05:30,1049.0242,1046.3,1046.5764,119,stop,-291.29,74.81,-366.1,-1.1293
KOTAKBANK,long,2026-06-24 11:20:00+05:30,2026-06-24 11:25:00+05:30,2026-06-24 11:55:00+05:30,406.4031,405.25,406.5466,307,stop,44.06,74.87,-30.81,-0.087
RELIANCE,long,2026-06-24 13:05:00+05:30,2026-06-24 13:10:00+05:30,2026-06-24 13:25:00+05:30,1317.6585,1314.5,1316.9412,94,stop,-67.43,74.3,-141.72,-0.4773
AXISBANK,long,2026-06-24 13:30:00+05:30,2026-06-24 13:35:00+05:30,2026-06-24 13:55:00+05:30,1383.6915,1381.0,1380.3095,90,stop,-304.38,74.63,-379.01,-1.5646
ICICIBANK,long,2026-06-24 13:25:00+05:30,2026-06-24 13:30:00+05:30,2026-06-24 14:00:00+05:30,1374.8871,1371.1,1370.4144,90,stop,-402.54,74.12,-476.66,-1.3985
ITC,long,2026-06-25 09:50:00+05:30,2026-06-25 09:55:00+05:30,2026-06-25 10:10:00+05:30,291.3956,290.7,290.7046,428,stop,-295.77,74.74,-370.51,-1.2445
SBIN,long,2026-06-25 10:55:00+05:30,2026-06-25 11:10:00+05:30,2026-06-25 11:40:00+05:30,1051.2754,1049.3,1049.5749,118,stop,-200.65,74.37,-275.02,-1.1799
KOTAKBANK,long,2026-06-25 12:10:00+05:30,2026-06-25 12:15:00+05:30,2026-06-25 12:20:00+05:30,411.9059,411.1,412.9081,303,target,303.67,74.98,228.7,0.9366
AXISBANK,long,2026-06-25 11:55:00+05:30,2026-06-25 12:00:00+05:30,2026-06-25 12:25:00+05:30,1394.3968,1388.4,1387.7058,89,stop,-595.5,74.28,-669.78,-1.2549
TCS,short,2026-06-25 12:30:00+05:30,2026-06-25 12:35:00+05:30,2026-06-25 12:55:00+05:30,2116.4413,2124.8,2122.5608,59,stop,-361.05,75.03,-436.08,-0.8842
INFY,short,2026-06-25 14:25:00+05:30,2026-06-25 14:40:00+05:30,2026-06-25 15:25:00+05:30,1042.0787,1045.7,1042.0207,119,stop,6.89,74.4,-67.51,-0.1567
SBIN,short,2026-06-29 10:00:00+05:30,2026-06-29 10:05:00+05:30,2026-06-29 10:10:00+05:30,1039.48,1042.5,1043.0213,120,stop,-424.95,74.97,-499.92,-1.3795
LT,long,2026-06-29 10:25:00+05:30,2026-06-29 10:30:00+05:30,2026-06-29 10:35:00+05:30,4253.5256,4235.0,4232.8825,29,stop,-598.65,73.83,-672.48,-1.2517
ITC,long,2026-06-29 10:55:00+05:30,2026-06-29 11:00:00+05:30,2026-06-29 11:25:00+05:30,291.6958,290.95,290.8545,428,stop,-360.06,74.8,-434.86,-1.3624
AXISBANK,short,2026-06-29 13:40:00+05:30,2026-06-29 13:45:00+05:30,2026-06-29 13:50:00+05:30,1371.4139,1374.1,1374.787,91,stop,-306.95,74.97,-381.92,-1.5625
KOTAKBANK,short,2026-06-29 12:35:00+05:30,2026-06-29 12:40:00+05:30,2026-06-29 14:30:00+05:30,397.3512,398.85,398.4991,314,stop,-360.45,74.97,-435.42,-0.9252
ICICIBANK,short,2026-06-30 09:45:00+05:30,2026-06-30 09:50:00+05:30,2026-06-30 10:00:00+05:30,1383.2081,1389.1,1389.7945,90,stop,-592.78,74.87,-667.65,-1.2591
ITC,short,2026-06-30 09:30:00+05:30,2026-06-30 09:35:00+05:30,2026-06-30 10:00:00+05:30,289.1553,290.0,289.3946,432,stop,-103.37,74.98,-178.35,-0.4888
LT,short,2026-06-30 10:25:00+05:30,2026-06-30 10:30:00+05:30,2026-06-30 10:45:00+05:30,4153.4223,4171.1001,4173.1856,30,stop,-592.9,74.94,-667.84,-1.2593
SBIN,long,2026-06-30 11:20:00+05:30,2026-06-30 11:25:00+05:30,2026-06-30 11:35:00+05:30,1044.3719,1039.05,1038.5305,119,stop,-695.12,74.36,-769.48,-1.215
KOTAKBANK,short,2026-06-30 12:05:00+05:30,2026-06-30 12:10:00+05:30,2026-06-30 12:15:00+05:30,392.0539,392.8,392.9964,318,stop,-299.72,74.89,-374.61,-1.5789
INFY,short,2026-06-30 11:30:00+05:30,2026-06-30 11:35:00+05:30,2026-06-30 12:25:00+05:30,1009.9948,1015.2,1010.2049,123,stop,-25.84,74.55,-100.39,-0.1568
TCS,short,2026-06-30 11:30:00+05:30,2026-06-30 11:45:00+05:30,2026-06-30 12:35:00+05:30,2043.1779,2054.0,2044.6218,61,stop,-88.08,74.81,-162.89,-0.2467
RELIANCE,short,2026-06-30 14:00:00+05:30,2026-06-30 14:05:00+05:30,2026-06-30 14:20:00+05:30,1292.0536,1295.1,1295.7475,96,stop,-354.62,74.53,-429.15,-1.4674
AXISBANK,short,2026-06-30 14:35:00+05:30,2026-06-30 14:40:00+05:30,2026-06-30 14:55:00+05:30,1347.8257,1352.7,1351.3753,92,stop,-326.56,74.5,-401.06,-0.8944
RELIANCE,long,2026-07-01 09:50:00+05:30,2026-07-01 09:55:00+05:30,2026-07-01 10:00:00+05:30,1301.9507,1299.2,1305.4238,96,target,333.42,75.09,258.32,0.9782
AXISBANK,long,2026-07-01 09:50:00+05:30,2026-07-01 09:55:00+05:30,2026-07-01 10:20:00+05:30,1357.3783,1351.6,1365.3628,92,target,734.57,75.15,659.42,1.2404
SBIN,long,2026-07-01 10:15:00+05:30,2026-07-01 10:20:00+05:30,2026-07-01 11:25:00+05:30,1034.517,1030.5,1034.7824,120,stop,31.85,74.49,-42.65,-0.0885
INFY,short,2026-07-01 12:10:00+05:30,2026-07-01 12:15:00+05:30,2026-07-01 12:40:00+05:30,994.1027,998.5,995.9977,125,stop,-236.88,74.63,-311.51,-0.5667
HDFCBANK,long,2026-07-01 11:55:00+05:30,2026-07-01 12:00:00+05:30,2026-07-01 12:50:00+05:30,801.9508,798.8,799.6,155,stop,-364.37,74.47,-438.84,-0.8986
ITC,long,2026-07-01 10:55:00+05:30,2026-07-01 11:00:00+05:30,2026-07-01 12:50:00+05:30,289.4947,288.8,289.7051,431,stop,90.68,74.89,15.79,0.0527
LT,short,2026-07-01 12:55:00+05:30,2026-07-01 13:00:00+05:30,2026-07-01 13:20:00+05:30,4082.9575,4091.8,4091.9449,30,stop,-269.62,73.57,-343.19,-1.2937
TCS,short,2026-07-01 12:10:00+05:30,2026-07-01 12:15:00+05:30,2026-07-01 13:20:00+05:30,2025.9865,2035.1,2013.3224,61,target,772.51,73.92,698.59,1.2566
ICICIBANK,long,2026-07-01 11:45:00+05:30,2026-07-01 11:50:00+05:30,2026-07-01 13:25:00+05:30,1379.5895,1376.0,1384.2812,90,target,422.26,74.62,347.63,1.0761
ITC,short,2026-07-02 09:55:00+05:30,2026-07-02 10:00:00+05:30,2026-07-02 10:30:00+05:30,289.2553,289.9,288.4324,432,target,355.5,74.87,280.63,1.0076
KOTAKBANK,short,2026-07-02 10:25:00+05:30,2026-07-02 10:30:00+05:30,2026-07-02 10:35:00+05:30,398.2008,399.0,399.1995,313,stop,-312.6,74.88,-387.47,-1.5489
RELIANCE,short,2026-07-02 10:00:00+05:30,2026-07-02 10:05:00+05:30,2026-07-02 11:05:00+05:30,1303.6479,1309.3,1304.752,95,stop,-104.89,74.34,-179.23,-0.3338
LT,short,2026-07-02 10:55:00+05:30,2026-07-02 11:00:00+05:30,2026-07-02 11:30:00+05:30,4039.0795,4046.0,4030.7132,30,target,250.99,72.63,178.36,0.8591
AXISBANK,short,2026-07-02 10:55:00+05:30,2026-07-02 11:00:00+05:30,2026-07-02 11:50:00+05:30,1361.7188,1367.0,1362.3808,91,stop,-60.24,74.37,-134.61,-0.2801
INFY,long,2026-07-02 13:15:00+05:30,2026-07-02 13:20:00+05:30,2026-07-02 14:05:00+05:30,1040.3199,1038.6,1038.0807,120,stop,-268.71,74.82,-343.54,-1.6644
TCS,long,2026-07-02 13:40:00+05:30,2026-07-02 13:45:00+05:30,2026-07-02 14:05:00+05:30,2064.5318,2060.2,2063.5678,60,stop,-57.84,74.31,-132.14,-0.5084
ICICIBANK,long,2026-07-02 14:20:00+05:30,2026-07-02 14:35:00+05:30,2026-07-02 14:55:00+05:30,1400.3998,1398.0,1403.2975,89,target,257.9,74.86,183.04,0.857
SBIN,long,2026-07-02 14:45:00+05:30,2026-07-02 14:50:00+05:30,2026-07-02 14:55:00+05:30,1054.1268,1050.6,1050.0747,118,stop,-478.15,74.49,-552.64,-1.3279
SBIN,short,2026-07-03 09:35:00+05:30,2026-07-03 09:40:00+05:30,2026-07-03 09:55:00+05:30,1045.0772,1049.1,1039.5625,119,target,656.25,74.42,581.83,1.2154
AXISBANK,short,2026-07-03 10:10:00+05:30,2026-07-03 10:15:00+05:30,2026-07-03 10:45:00+05:30,1358.0206,1366.0,1360.58,92,stop,-235.46,75.03,-310.5,-0.423
HDFCBANK,long,2026-07-03 10:55:00+05:30,2026-07-03 11:00:00+05:30,2026-07-03 11:05:00+05:30,805.2524,804.0,803.598,155,stop,-256.43,74.81,-331.24,-1.7064
LT,short,2026-07-03 11:00:00+05:30,2026-07-03 11:05:00+05:30,2026-07-03 11:25:00+05:30,4043.4773,4052.0,4050.024,30,stop,-196.4,72.84,-269.24,-1.053
KOTAKBANK,short,2026-07-03 12:05:00+05:30,2026-07-03 12:10:00+05:30,2026-07-03 12:25:00+05:30,396.6016,397.25,397.4486,315,stop,-266.82,75.04,-341.85,-1.6737
ITC,short,2026-07-03 12:30:00+05:30,2026-07-03 12:35:00+05:30,2026-07-03 12:50:00+05:30,289.6551,290.45,290.5952,431,stop,-405.2,75.03,-480.23,-1.4017
INFY,short,2026-07-03 13:20:00+05:30,2026-07-03 13:30:00+05:30,2026-07-03 14:15:00+05:30,1045.1771,1050.8,1048.0237,119,stop,-338.75,74.73,-413.48,-0.6179
TCS,short,2026-07-03 14:25:00+05:30,2026-07-03 14:30:00+05:30,2026-07-03 14:55:00+05:30,2090.3542,2097.0,2095.047,59,stop,-276.88,74.08,-350.96,-0.8951
RELIANCE,long,2026-07-06 10:20:00+05:30,2026-07-06 10:25:00+05:30,2026-07-06 10:45:00+05:30,1308.1537,1304.5,1307.6459,95,stop,-48.25,74.55,-122.8,-0.3538
INFY,short,2026-07-06 11:00:00+05:30,2026-07-06 11:05:00+05:30,2026-07-06 11:20:00+05:30,1036.2816,1039.2,1036.2178,120,stop,7.66,74.61,-66.95,-0.1912
TCS,short,2026-07-06 10:50:00+05:30,2026-07-06 11:00:00+05:30,2026-07-06 11:20:00+05:30,2063.3677,2069.7,2064.9319,60,stop,-93.85,74.31,-168.16,-0.4426
AXISBANK,short,2026-07-06 11:35:00+05:30,2026-07-06 11:40:00+05:30,2026-07-06 11:55:00+05:30,1346.7263,1350.3,1349.3743,92,stop,-243.61,74.41,-318.03,-0.9673
LT,long,2026-07-06 10:40:00+05:30,2026-07-06 10:45:00+05:30,2026-07-06 11:55:00+05:30,4056.9274,4035.8999,4052.5728,30,stop,-130.64,72.99,-203.62,-0.3228
SBIN,long,2026-07-06 12:10:00+05:30,2026-07-06 12:15:00+05:30,2026-07-06 13:25:00+05:30,1047.6235,1041.7,1044.0777,119,stop,-421.96,74.67,-496.63,-0.7045
KOTAKBANK,short,2026-07-06 13:40:00+05:30,2026-07-06 13:45:00+05:30,2026-07-06 14:30:00+05:30,381.759,382.8,382.4911,327,stop,-239.4,74.97,-314.37,-0.9236
HDFCBANK,long,2026-07-06 14:30:00+05:30,2026-07-06 14:35:00+05:30,2026-07-06 14:50:00+05:30,830.9152,829.2,829.0853,150,stop,-274.5,74.7,-349.2,-1.3572
AXISBANK,long,2026-07-07 10:35:00+05:30,2026-07-07 10:40:00+05:30,2026-07-07 10:45:00+05:30,1353.1762,1347.2,1346.5264,92,stop,-611.79,74.51,-686.3,-1.2482
ITC,short,2026-07-07 11:20:00+05:30,2026-07-07 11:25:00+05:30,2026-07-07 11:40:00+05:30,286.9565,288.05,287.8939,435,stop,-407.78,75.02,-482.8,-1.0149
RELIANCE,short,2026-07-07 11:40:00+05:30,2026-07-07 11:45:00+05:30,2026-07-07 12:00:00+05:30,1311.344,1316.5,1315.6575,95,stop,-409.78,74.87,-484.65,-0.9894
LT,short,2026-07-07 12:15:00+05:30,2026-07-07 12:20:00+05:30,2026-07-07 13:00:00+05:30,3986.106,3998.2,3991.0946,31,stop,-154.65,74.19,-228.83,-0.6104
ICICIBANK,short,2026-07-07 12:35:00+05:30,2026-07-07 12:40:00+05:30,2026-07-07 13:05:00+05:30,1417.4909,1424.0,1419.2092,88,stop,-151.22,74.89,-226.11,-0.3947
KOTAKBANK,long,2026-07-07 13:55:00+05:30,2026-07-07 14:00:00+05:30,2026-07-07 14:15:00+05:30,382.5912,381.75,381.5591,326,stop,-336.45,74.73,-411.19,-1.4994
TCS,long,2026-07-07 14:05:00+05:30,2026-07-07 14:10:00+05:30,2026-07-07 14:25:00+05:30,2109.8544,2102.0,2103.9475,59,stop,-348.51,74.58,-423.09,-0.913
HDFCBANK,long,2026-07-08 09:50:00+05:30,2026-07-08 09:55:00+05:30,2026-07-08 10:00:00+05:30,834.417,830.5,830.0848,149,stop,-645.51,74.4,-719.91,-1.2335
TCS,short,2026-07-08 10:15:00+05:30,2026-07-08 10:20:00+05:30,2026-07-08 10:35:00+05:30,2075.4617,2084.1001,2085.1421,60,stop,-580.82,74.89,-655.71,-1.2651
INFY,short,2026-07-08 10:45:00+05:30,2026-07-08 10:50:00+05:30,2026-07-08 10:55:00+05:30,1065.7669,1070.0,1070.535,117,stop,-557.87,74.98,-632.85,-1.2778
ICICIBANK,short,2026-07-08 11:15:00+05:30,2026-07-08 11:20:00+05:30,2026-07-08 12:00:00+05:30,1408.4954,1413.0,1402.4392,88,target,532.94,74.21,458.73,1.1572
KOTAKBANK,short,2026-07-08 12:10:00+05:30,2026-07-08 12:15:00+05:30,2026-07-08 12:40:00+05:30,377.5112,378.35,376.441,331,target,354.22,74.87,279.35,1.0061
AXISBANK,short,2026-07-08 14:00:00+05:30,2026-07-08 14:05:00+05:30,2026-07-08 14:10:00+05:30,1321.339,1324.1,1317.8561,94,target,327.39,74.43,252.96,0.9747
ITC,short,2026-07-08 13:45:00+05:30,2026-07-08 13:50:00+05:30,2026-07-08 15:05:00+05:30,283.2583,285.0,280.7861,441,target,1090.26,74.62,1015.63,1.3223
ICICIBANK,long,2026-07-09 10:20:00+05:30,2026-07-09 10:25:00+05:30,2026-07-09 10:35:00+05:30,1399.1992,1395.0,1394.3025,89,stop,-435.81,74.59,-510.4,-1.3657
KOTAKBANK,short,2026-07-09 10:35:00+05:30,2026-07-09 10:45:00+05:30,2026-07-09 11:00:00+05:30,370.2148,372.1,371.1355,337,stop,-310.27,74.95,-385.22,-0.6063
HDFCBANK,long,2026-07-09 11:15:00+05:30,2026-07-09 11:25:00+05:30,2026-07-09 11:35:00+05:30,820.1599,818.65,818.2407,152,stop,-291.71,74.71,-366.43,-1.5966
TCS,long,2026-07-09 12:45:00+05:30,2026-07-09 12:50:00+05:30,2026-07-09 13:15:00+05:30,2059.9294,2044.4,2048.6751,60,stop,-675.26,73.95,-749.21,-0.8041
AXISBANK,short,2026-07-09 13:20:00+05:30,2026-07-09 13:25:00+05:30,2026-07-09 13:30:00+05:30,1300.8492,1304.3,1304.9522,96,stop,-393.88,75.05,-468.93,-1.4155
ITC,long,2026-07-09 14:10:00+05:30,2026-07-09 14:15:00+05:30,2026-07-09 14:40:00+05:30,283.6918,283.0,282.8585,440,stop,-366.64,74.78,-441.42,-1.4502
LT,long,2026-07-10 10:40:00+05:30,2026-07-10 10:45:00+05:30,2026-07-10 10:50:00+05:30,3935.967,3930.7,3928.7346,31,stop,-224.2,73.14,-297.35,-1.8211
ITC,short,2026-07-10 11:05:00+05:30,2026-07-10 11:15:00+05:30,2026-07-10 11:40:00+05:30,281.6591,282.4,281.2906,443,stop,163.25,74.82,88.44,0.2694
RELIANCE,long,2026-07-10 11:55:00+05:30,2026-07-10 12:00:00+05:30,2026-07-10 12:20:00+05:30,1303.4514,1300.5,1300.3495,95,stop,-294.69,74.21,-368.89,-1.3157
AXISBANK,long,2026-07-10 12:50:00+05:30,2026-07-10 12:55:00+05:30,2026-07-10 13:10:00+05:30,1323.2613,1317.6,1318.5404,94,stop,-443.77,74.5,-518.27,-0.9739
SBIN,long,2026-07-10 12:40:00+05:30,2026-07-10 12:45:00+05:30,2026-07-10 13:20:00+05:30,1037.5185,1025.8,1037.6809,120,stop,19.48,74.71,-55.23,-0.0393
HDFCBANK,long,2026-07-10 13:35:00+05:30,2026-07-10 13:40:00+05:30,2026-07-10 13:55:00+05:30,826.9132,825.1,824.7874,151,stop,-321.0,74.82,-395.82,-1.4456
AXISBANK,long,2026-07-13 09:35:00+05:30,2026-07-13 09:40:00+05:30,2026-07-13 10:10:00+05:30,1327.6635,1320.8,1324.3375,94,stop,-312.64,74.79,-387.43,-0.6005
INFY,long,2026-07-13 10:40:00+05:30,2026-07-13 10:45:00+05:30,2026-07-13 11:10:00+05:30,1076.3379,1070.6,1084.4024,116,target,935.48,75.19,860.29,1.2925
SBIN,long,2026-07-13 10:30:00+05:30,2026-07-13 10:40:00+05:30,2026-07-13 11:10:00+05:30,1041.5205,1038.0,1039.48,120,stop,-244.86,74.92,-319.78,-0.7569
RELIANCE,short,2026-07-13 11:25:00+05:30,2026-07-13 11:40:00+05:30,2026-07-13 12:05:00+05:30,1297.9507,1299.8,1299.6495,96,stop,-163.09,74.81,-237.9,-1.34
KOTAKBANK,long,2026-07-13 11:30:00+05:30,2026-07-13 11:35:00+05:30,2026-07-13 12:50:00+05:30,378.9394,377.65,380.683,329,target,573.66,74.97,498.68,1.1756
ICICIBANK,long,2026-07-13 12:15:00+05:30,2026-07-13 12:25:00+05:30,2026-07-13 13:25:00+05:30,1405.3023,1400.1,1402.2985,88,stop,-264.33,74.12,-338.45,-0.7393
INFY,short,2026-07-14 09:55:00+05:30,2026-07-14 10:00:00+05:30,2026-07-14 10:25:00+05:30,1094.5524,1098.6,1099.1493,114,stop,-524.04,75.02,-599.07,-1.2983
ICICIBANK,long,2026-07-14 10:45:00+05:30,2026-07-14 10:50:00+05:30,2026-07-14 11:10:00+05:30,1404.4018,1400.0,1410.299,89,target,524.85,75.15,449.7,1.1479
RELIANCE,long,2026-07-14 10:40:00+05:30,2026-07-14 10:45:00+05:30,2026-07-14 11:10:00+05:30,1302.3508,1297.7,1303.348,95,stop,94.73,74.26,20.47,0.0463
KOTAKBANK,short,2026-07-14 10:50:00+05:30,2026-07-14 10:55:00+05:30,2026-07-14 11:25:00+05:30,378.1608,379.95,379.0894,330,stop,-306.44,74.97,-381.41,-0.646
AXISBANK,short,2026-07-14 13:40:00+05:30,2026-07-14 13:50:00+05:30,2026-07-14 13:55:00+05:30,1304.9472,1308.0,1308.654,95,stop,-352.15,74.49,-426.64,-1.4711
ITC,short,2026-07-14 13:20:00+05:30,2026-07-14 13:25:00+05:30,2026-07-14 14:20:00+05:30,276.6116,277.0,276.1671,451,target,200.49,74.79,125.7,0.7176
ITC,long,2026-07-15 09:50:00+05:30,2026-07-15 09:55:00+05:30,2026-07-15 10:55:00+05:30,277.1885,276.2,277.0114,450,stop,-79.69,74.82,-154.51,-0.3473
AXISBANK,long,2026-07-15 11:15:00+05:30,2026-07-15 11:20:00+05:30,2026-07-15 11:35:00+05:30,1345.5725,1335.6,1340.3295,92,stop,-482.35,74.13,-556.48,-0.6065
HDFCBANK,long,2026-07-15 11:25:00+05:30,2026-07-15 11:30:00+05:30,2026-07-15 11:45:00+05:30,818.8592,816.8,816.5915,152,stop,-344.7,74.58,-419.27,-1.3395
LT,short,2026-07-15 11:20:00+05:30,2026-07-15 11:30:00+05:30,2026-07-15 12:20:00+05:30,3831.0835,3839.7,3820.0679,32,target,352.5,73.45,279.05,1.012
SBIN,long,2026-07-15 12:15:00+05:30,2026-07-15 12:20:00+05:30,2026-07-15 12:45:00+05:30,1033.2163,1029.2,1030.8843,120,stop,-279.84,74.31,-354.14,-0.7348
KOTAKBANK,short,2026-07-15 12:50:00+05:30,2026-07-15 12:55:00+05:30,2026-07-15 13:00:00+05:30,378.3108,379.05,377.3905,330,target,303.68,74.81,228.87,0.9382
TCS,long,2026-07-15 13:55:00+05:30,2026-07-15 14:00:00+05:30,2026-07-15 15:15:00+05:30,2197.7983,2186.5,2185.4068,56,stop,-693.93,73.64,-767.56,-1.2131
HDFCBANK,short,2026-07-16 09:30:00+05:30,2026-07-16 09:35:00+05:30,2026-07-16 10:40:00+05:30,812.5935,814.5,811.8557,153,stop,112.88,74.56,38.32,0.1314
ICICIBANK,short,2026-07-16 10:30:00+05:30,2026-07-16 10:35:00+05:30,2026-07-16 10:45:00+05:30,1408.2955,1411.9,1412.606,88,stop,-379.32,74.47,-453.79,-1.4306
KOTAKBANK,long,2026-07-16 10:15:00+05:30,2026-07-16 10:30:00+05:30,2026-07-16 11:05:00+05:30,380.2901,379.2,379.81,328,stop,-157.46,74.79,-232.25,-0.6496
SBIN,long,2026-07-16 10:45:00+05:30,2026-07-16 10:50:00+05:30,2026-07-16 11:10:00+05:30,1032.8162,1029.3,1030.9842,121,stop,-221.67,74.92,-296.58,-0.6971
ITC,long,2026-07-16 10:00:00+05:30,2026-07-16 10:05:00+05:30,2026-07-16 11:15:00+05:30,278.139,277.45,277.761,449,stop,-169.7,74.88,-244.58,-0.7906
AXISBANK,short,2026-07-16 11:30:00+05:30,2026-07-16 11:35:00+05:30,2026-07-16 11:40:00+05:30,1301.4489,1304.0,1304.652,96,stop,-307.5,75.06,-382.55,-1.562
TCS,long,2026-07-16 12:20:00+05:30,2026-07-16 12:25:00+05:30,2026-07-16 12:50:00+05:30,2225.7124,2221.1001,2219.9895,56,stop,-320.48,74.69,-395.17,-1.5299
KOTAKBANK,long,2026-07-17 09:30:00+05:30,2026-07-17 09:35:00+05:30,2026-07-17 09:40:00+05:30,380.24,378.9,378.7105,328,stop,-501.67,74.68,-576.35,-1.3113
RELIANCE,long,2026-07-17 09:35:00+05:30,2026-07-17 09:40:00+05:30,2026-07-17 10:10:00+05:30,1313.8566,1307.1,1318.3405,95,stop,425.98,75.02,350.96,0.5468
AXISBANK,long,2026-07-17 10:05:00+05:30,2026-07-17 10:10:00+05:30,2026-07-17 10:15:00+05:30,1318.0587,1314.3,1323.0349,94,target,467.76,74.48,393.28,1.1131
LT,long,2026-07-17 10:15:00+05:30,2026-07-17 10:20:00+05:30,2026-07-17 10:35:00+05:30,3791.5948,3779.6001,3780.109,32,stop,-367.55,72.69,-440.23,-1.1469
ITC,long,2026-07-17 10:00:00+05:30,2026-07-17 10:15:00+05:30,2026-07-17 10:45:00+05:30,280.8404,279.9,279.86,445,stop,-436.26,74.85,-511.11,-1.2214
SBIN,long,2026-07-17 10:50:00+05:30,2026-07-17 10:55:00+05:30,2026-07-17 11:10:00+05:30,1044.0217,1040.7,1040.6794,119,stop,-397.75,74.42,-472.17,-1.1945
HDFCBANK,long,2026-07-17 11:20:00+05:30,2026-07-17 11:25:00+05:30,2026-07-17 12:50:00+05:30,819.4095,817.15,817.2912,152,stop,-321.99,74.63,-396.62,-1.1548
ICICIBANK,long,2026-07-17 14:10:00+05:30,2026-07-17 14:15:00+05:30,2026-07-17 14:30:00+05:30,1444.0217,1436.8,1438.6803,86,stop,-459.36,74.37,-533.73,-0.8594
INFY,short,2026-07-20 10:10:00+05:30,2026-07-20 10:15:00+05:30,2026-07-20 10:20:00+05:30,1089.6549,1093.0,1093.5465,114,stop,-443.65,74.67,-518.31,-1.3592
ITC,long,2026-07-20 10:30:00+05:30,2026-07-20 10:45:00+05:30,2026-07-20 10:55:00+05:30,281.7408,280.9,282.8605,443,target,496.03,75.04,421.0,1.1303
TCS,short,2026-07-20 09:25:00+05:30,2026-07-20 09:35:00+05:30,2026-07-20 12:05:00+05:30,2254.872,2268.0,2252.9259,55,stop,107.03,74.38,32.65,0.0452
LT,short,2026-07-20 12:25:00+05:30,2026-07-20 12:35:00+05:30,2026-07-20 12:50:00+05:30,3808.095,3816.2,3818.1081,32,stop,-320.42,73.21,-393.63,-1.5177
KOTAKBANK,long,2026-07-20 13:45:00+05:30,2026-07-20 13:50:00+05:30,2026-07-20 14:15:00+05:30,381.7908,381.15,382.5606,327,target,251.74,74.98,176.76,0.8435
INFY,long,2026-07-21 09:25:00+05:30,2026-07-21 09:30:00+05:30,2026-07-21 09:35:00+05:30,1094.9472,1090.1,1089.5549,114,stop,-614.72,74.71,-689.43,-1.2476
KOTAKBANK,short,2026-07-21 10:15:00+05:30,2026-07-21 10:20:00+05:30,2026-07-21 10:25:00+05:30,380.9095,382.25,382.4411,328,stop,-502.39,75.11,-577.5,-1.3134
LT,short,2026-07-21 10:30:00+05:30,2026-07-21 10:35:00+05:30,2026-07-21 10:55:00+05:30,3826.086,3832.3,3831.915,32,stop,-186.53,73.52,-260.04,-1.3077
SBIN,short,2026-07-21 10:35:00+05:30,2026-07-21 10:50:00+05:30,2026-07-21 11:05:00+05:30,1052.3736,1055.6,1054.3269,118,stop,-230.5,74.58,-305.08,-0.8013
RELIANCE,short,2026-07-21 11:15:00+05:30,2026-07-21 11:20:00+05:30,2026-07-21 12:50:00+05:30,1313.1431,1316.5,1308.7619,95,target,416.22,74.72,341.49,1.0708
TCS,short,2026-07-21 12:15:00+05:30,2026-07-21 12:30:00+05:30,2026-07-21 12:55:00+05:30,2219.8895,2228.3999,2223.0109,56,stop,-174.8,74.64,-249.44,-0.5234
ICICIBANK,short,2026-07-21 13:00:00+05:30,2026-07-21 13:05:00+05:30,2026-07-21 13:20:00+05:30,1457.9706,1464.6,1464.4318,85,stop,-549.2,74.52,-623.72,-1.1069
HDFCBANK,short,2026-07-21 13:40:00+05:30,2026-07-21 13:45:00+05:30,2026-07-21 14:15:00+05:30,763.9178,765.8,761.4752,163,target,398.16,74.59,323.56,1.0547
ITC,short,2026-07-22 09:25:00+05:30,2026-07-22 09:30:00+05:30,2026-07-22 11:10:00+05:30,279.4102,280.5,279.5897,447,stop,-80.25,74.96,-155.21,-0.3186
RELIANCE,short,2026-07-22 11:10:00+05:30,2026-07-22 11:15:00+05:30,2026-07-22 11:20:00+05:30,1289.355,1291.4,1292.0457,96,stop,-258.31,74.34,-332.65,-1.6944
TCS,long,2026-07-22 11:30:00+05:30,2026-07-22 11:40:00+05:30,2026-07-22 12:00:00+05:30,2223.8113,2219.8,2220.0894,56,stop,-208.43,74.66,-283.09,-1.2602
ICICIBANK,short,2026-07-22 11:50:00+05:30,2026-07-22 11:55:00+05:30,2026-07-22 12:15:00+05:30,1446.4764,1449.4,1442.8119,86,target,315.14,74.54,240.6,0.9569
INFY,short,2026-07-22 12:00:00+05:30,2026-07-22 12:05:00+05:30,2026-07-22 12:15:00+05:30,1055.5719,1057.8,1058.3289,118,stop,-325.33,74.83,-400.16,-1.522
KOTAKBANK,short,2026-07-22 11:45:00+05:30,2026-07-22 11:55:00+05:30,2026-07-22 12:15:00+05:30,381.0594,382.1,381.0404,328,stop,6.21,74.99,-68.78,-0.2015
HDFCBANK,short,2026-07-22 13:00:00+05:30,2026-07-22 13:05:00+05:30,2026-07-22 13:15:00+05:30,750.6245,751.85,752.2259,166,stop,-265.83,74.84,-340.67,-1.6747
SBIN,short,2026-07-22 13:25:00+05:30,2026-07-22 13:30:00+05:30,2026-07-22 13:35:00+05:30,1020.9893,1022.8,1023.3114,122,stop,-283.3,74.82,-358.12,-1.6211
LT,short,2026-07-22 13:00:00+05:30,2026-07-22 13:05:00+05:30,2026-07-22 13:40:00+05:30,3815.2914,3825.3,3822.1101,32,stop,-218.2,73.32,-291.52,-0.9102
KOTAKBANK,long,2026-07-23 09:50:00+05:30,2026-07-23 09:55:00+05:30,2026-07-23 10:50:00+05:30,383.0914,381.2,384.0579,326,stop,315.06,75.03,240.03,0.3893
HDFCBANK,short,2026-07-23 11:50:00+05:30,2026-07-23 11:55:00+05:30,2026-07-23 12:00:00+05:30,745.1273,746.45,746.8232,167,stop,-283.23,74.75,-357.98,-1.6205
TCS,long,2026-07-23 11:45:00+05:30,2026-07-23 11:50:00+05:30,2026-07-23 12:00:00+05:30,2222.0104,2216.5,2229.1607,56,target,400.42,74.78,325.64,1.0553
INFY,long,2026-07-23 11:50:00+05:30,2026-07-23 11:55:00+05:30,2026-07-23 12:20:00+05:30,1051.9257,1047.3,1049.9748,118,stop,-230.21,74.41,-304.62,-0.5581
SBIN,short,2026-07-23 12:10:00+05:30,2026-07-23 12:15:00+05:30,2026-07-23 12:30:00+05:30,1014.4925,1015.9,1012.8874,123,target,197.43,74.81,122.62,0.7083
AXISBANK,short,2026-07-23 14:05:00+05:30,2026-07-23 14:10:00+05:30,2026-07-23 14:20:00+05:30,1222.7883,1224.9,1225.5125,102,stop,-277.86,74.92,-352.78,-1.6378
RELIANCE,short,2026-07-23 14:40:00+05:30,2026-07-23 14:45:00+05:30,2026-07-23 14:50:00+05:30,1271.9637,1273.9,1269.6937,98,target,222.46,74.72,147.73,0.7785
LT,short,2026-07-23 14:40:00+05:30,2026-07-23 14:45:00+05:30,2026-07-23 14:55:00+05:30,3779.2095,3789.2,3791.0946,33,stop,-392.21,74.95,-467.15,-1.417
ICICIBANK,short,2026-07-24 10:30:00+05:30,2026-07-24 10:35:00+05:30,2026-07-24 10:40:00+05:30,1421.289,1424.7,1425.4123,87,stop,-358.73,74.3,-433.03,-1.4592
ITC,long,2026-07-24 10:20:00+05:30,2026-07-24 10:25:00+05:30,2026-07-24 10:40:00+05:30,282.2911,281.2,281.909,442,stop,-168.89,74.81,-243.7,-0.5054
RELIANCE,long,2026-07-24 11:10:00+05:30,2026-07-24 11:15:00+05:30,2026-07-24 11:20:00+05:30,1275.6375,1272.6,1279.5537,97,target,379.87,74.36,305.51,1.0369
KOTAKBANK,long,2026-07-24 11:40:00+05:30,2026-07-24 11:45:00+05:30,2026-07-24 12:05:00+05:30,383.8919,382.95,383.1083,325,stop,-254.65,74.78,-329.43,-1.0762
AXISBANK,long,2026-07-24 11:50:00+05:30,2026-07-24 11:55:00+05:30,2026-07-24 12:20:00+05:30,1224.1118,1219.6,1221.8888,102,stop,-226.75,74.85,-301.59,-0.6554
HDFCBANK,long,2026-07-24 12:25:00+05:30,2026-07-24 12:30:00+05:30,2026-07-24 14:20:00+05:30,746.423,742.45,744.7774,167,stop,-274.81,74.71,-349.52,-0.5268
LT,long,2026-07-24 13:10:00+05:30,2026-07-24 13:15:00+05:30,2026-07-24 14:30:00+05:30,3794.2961,3787.0,3791.1035,32,stop,-102.16,72.82,-174.98,-0.7495
HDFCBANK,short,2026-07-27 09:50:00+05:30,2026-07-27 09:55:00+05:30,2026-07-27 10:50:00+05:30,741.1792,744.05,741.3705,168,stop,-32.14,74.72,-106.86,-0.2216
TCS,long,2026-07-27 10:55:00+05:30,2026-07-27 11:00:00+05:30,2026-07-27 11:10:00+05:30,2304.7519,2295.7,2294.5521,54,stop,-550.79,74.51,-625.3,-1.2792
AXISBANK,short,2026-07-27 11:20:00+05:30,2026-07-27 11:30:00+05:30,2026-07-27 11:45:00+05:30,1225.0871,1227.2,1226.0127,102,stop,-94.41,75.0,-169.42,-0.7861
LT,short,2026-07-27 12:40:00+05:30,2026-07-27 12:50:00+05:30,2026-07-27 12:55:00+05:30,3804.097,3809.8999,3811.8049,32,stop,-246.65,73.11,-319.76,-1.722
RELIANCE,short,2026-07-27 12:20:00+05:30,2026-07-27 12:35:00+05:30,2026-07-27 13:00:00+05:30,1278.3605,1280.1,1280.54,97,stop,-211.41,74.46,-285.87,-1.6943
KOTAKBANK,short,2026-07-27 12:50:00+05:30,2026-07-27 12:55:00+05:30,2026-07-27 13:15:00+05:30,383.858,384.85,384.9424,325,stop,-352.43,74.96,-427.39,-1.3256
INFY,long,2026-07-27 12:55:00+05:30,2026-07-27 13:00:00+05:30,2026-07-27 13:25:00+05:30,1079.5395,1077.6,1078.9603,115,stop,-66.61,74.47,-141.08,-0.6325
ICICIBANK,long,2026-07-27 13:40:00+05:30,2026-07-27 13:45:00+05:30,2026-07-27 14:15:00+05:30,1440.5199,1437.9,1443.7276,86,target,275.86,74.41,201.45,0.8941
ITC,short,2026-07-27 14:35:00+05:30,2026-07-27 14:50:00+05:30,2026-07-28 09:25:00+05:30,285.7071,286.55,286.6933,437,stop,-430.96,75.04,-506.0,-1.3737
AXISBANK,long,2026-07-28 10:10:00+05:30,2026-07-28 10:15:00+05:30,2026-07-28 10:25:00+05:30,1233.3163,1228.3,1227.6859,101,stop,-568.67,74.57,-643.24,-1.2696
ICICIBANK,short,2026-07-28 10:25:00+05:30,2026-07-28 10:30:00+05:30,2026-07-28 10:35:00+05:30,1435.282,1440.0,1440.72,87,stop,-473.11,75.06,-548.17,-1.3355
LT,short,2026-07-28 10:00:00+05:30,2026-07-28 10:05:00+05:30,2026-07-28 10:35:00+05:30,3797.1005,3808.3999,3803.7009,32,stop,-211.21,72.97,-284.18,-0.7859
HDFCBANK,long,2026-07-28 12:05:00+05:30,2026-07-28 12:10:00+05:30,2026-07-28 12:15:00+05:30,740.1699,738.5,738.1308,168,stop,-342.58,74.51,-417.08,-1.4867
INFY,long,2026-07-28 11:45:00+05:30,2026-07-28 11:50:00+05:30,2026-07-28 12:25:00+05:30,1111.8557,1107.0,1112.0437,112,stop,21.05,74.72,-53.67,-0.0987
SBIN,short,2026-07-28 12:55:00+05:30,2026-07-28 13:00:00+05:30,2026-07-28 13:40:00+05:30,1014.4925,1016.1,1012.5873,123,target,234.34,74.8,159.54,0.8069
ITC,long,2026-07-29 10:25:00+05:30,2026-07-29 10:40:00+05:30,2026-07-29 10:45:00+05:30,287.8439,287.35,287.2063,434,stop,-276.69,74.87,-351.56,-1.6402
KOTAKBANK,long,2026-07-29 12:05:00+05:30,2026-07-29 12:10:00+05:30,2026-07-29 12:30:00+05:30,390.6452,388.5,389.2553,319,stop,-443.39,74.64,-518.03,-0.757
SBIN,short,2026-07-29 13:40:00+05:30,2026-07-29 13:45:00+05:30,2026-07-29 14:10:00+05:30,1011.5939,1014.1,1014.3069,123,stop,-333.69,74.76,-408.45,-1.3251
INFY,long,2026-07-29 13:40:00+05:30,2026-07-29 13:45:00+05:30,2026-07-29 14:35:00+05:30,1158.0787,1153.2,1155.8218,107,stop,-241.49,74.28,-315.77,-0.6049
SBIN,long,2026-07-30 09:50:00+05:30,2026-07-30 09:55:00+05:30,2026-07-30 10:10:00+05:30,1016.508,1012.4,1012.7933,122,stop,-453.19,74.27,-527.46,-1.0525
HDFCBANK,short,2026-07-30 10:10:00+05:30,2026-07-30 10:15:00+05:30,2026-07-30 10:35:00+05:30,745.677,747.7,748.0739,167,stop,-400.28,74.84,-475.12,-1.4063
LT,long,2026-07-30 10:55:00+05:30,2026-07-30 11:00:00+05:30,2026-07-30 11:15:00+05:30,3935.5669,3928.6001,3944.0441,31,target,262.79,73.28,189.51,0.8775
RELIANCE,long,2026-07-30 10:35:00+05:30,2026-07-30 10:40:00+05:30,2026-07-30 11:30:00+05:30,1284.542,1281.3,1288.7602,97,target,409.16,74.88,334.28,1.063
AXISBANK,short,2026-07-30 11:50:00+05:30,2026-07-30 11:55:00+05:30,2026-07-30 12:30:00+05:30,1222.4884,1224.4,1223.5115,102,stop,-104.35,74.85,-179.2,-0.919
ITC,short,2026-07-31 09:25:00+05:30,2026-07-31 09:30:00+05:30,2026-07-31 09:35:00+05:30,283.2083,284.35,281.6366,441,target,693.15,74.73,618.42,1.2283
RELIANCE,long,2026-07-31 10:10:00+05:30,2026-07-31 10:15:00+05:30,2026-07-31 10:35:00+05:30,1301.5505,1296.6,1296.2516,96,stop,-508.69,74.82,-583.51,-1.2278
LT,short,2026-07-31 11:05:00+05:30,2026-07-31 11:20:00+05:30,2026-07-31 11:35:00+05:30,3923.937,3933.7,3935.6668,31,stop,-363.63,73.09,-436.72,-1.443
TCS,long,2026-07-31 12:45:00+05:30,2026-07-31 12:55:00+05:30,2026-07-31 13:10:00+05:30,2384.7919,2381.1001,2379.9095,52,stop,-253.88,74.33,-328.21,-1.7097
HDFCBANK,short,2026-07-31 14:00:00+05:30,2026-07-31 14:05:00+05:30,2026-08-03 09:25:00+05:30,748.4756,750.05,748.374,167,stop,16.96,74.99,-58.03,-0.2207
ICICIBANK,long,2026-08-03 10:55:00+05:30,2026-08-03 11:00:00+05:30,2026-08-03 11:25:00+05:30,1447.2233,1445.3,1445.4769,86,stop,-150.19,74.63,-224.82,-1.3593
AXISBANK,long,2026-08-03 10:40:00+05:30,2026-08-03 10:45:00+05:30,2026-08-03 11:50:00+05:30,1245.6225,1241.5,1251.1803,100,target,555.78,74.9,480.88,1.1665
LT,long,2026-08-03 13:30:00+05:30,2026-08-03 13:35:00+05:30,2026-08-03 14:30:00+05:30,4016.007,4001.5,4001.2984,31,stop,-455.97,74.56,-530.53,-1.1797
KOTAKBANK,long,2026-08-03 14:45:00+05:30,2026-08-03 14:50:00+05:30,2026-08-03 15:05:00+05:30,394.3471,393.15,392.9534,316,stop,-440.39,74.64,-515.03,-1.3615
TCS,long,2026-08-03 14:40:00+05:30,2026-08-03 14:45:00+05:30,2026-08-03 15:05:00+05:30,2444.1214,2437.0,2453.576,51,target,482.19,74.93,407.25,1.1213
LT,long,2026-08-04 09:35:00+05:30,2026-08-04 09:40:00+05:30,2026-08-04 10:05:00+05:30,4034.2161,4017.3,4020.1889,30,stop,-420.82,72.49,-493.31,-0.9721
INFY,short,2026-08-04 10:00:00+05:30,2026-08-04 10:05:00+05:30,2026-08-04 11:15:00+05:30,1157.2211,1161.6,1161.4805,108,stop,-460.01,75.13,-535.13,-1.1316
RELIANCE,short,2026-08-04 10:20:00+05:30,2026-08-04 10:25:00+05:30,2026-08-04 12:20:00+05:30,1300.7493,1305.6,1297.0482,96,stop,355.31,74.82,280.49,0.6023
ITC,long,2026-08-04 12:15:00+05:30,2026-08-04 12:20:00+05:30,2026-08-04 12:35:00+05:30,287.8439,286.85,287.7061,434,stop,-59.8,74.94,-134.73,-0.3124
KOTAKBANK,short,2026-08-04 13:15:00+05:30,2026-08-04 13:20:00+05:30,2026-08-04 14:05:00+05:30,392.8035,394.05,392.9964,318,stop,-61.34,74.97,-136.3,-0.3439
SBIN,short,2026-08-04 13:50:00+05:30,2026-08-04 13:55:00+05:30,2026-08-04 14:05:00+05:30,1031.8838,1034.4,1034.9172,121,stop,-367.04,75.02,-442.07,-1.452
HDFCBANK,short,2026-08-04 13:50:00+05:30,2026-08-04 13:55:00+05:30,2026-08-04 14:15:00+05:30,738.6805,739.85,740.1199,169,stop,-243.26,74.98,-318.24,-1.6101
TCS,short,2026-08-05 09:50:00+05:30,2026-08-05 09:55:00+05:30,2026-08-05 10:40:00+05:30,2430.784,2441.0,2442.2205,51,stop,-583.26,74.56,-657.82,-1.2626
ITC,short,2026-08-05 10:30:00+05:30,2026-08-05 10:35:00+05:30,2026-08-05 10:55:00+05:30,285.3573,285.9,286.0429,438,stop,-300.33,75.08,-375.42,-1.5792
HDFCBANK,long,2026-08-05 10:55:00+05:30,2026-08-05 11:05:00+05:30,2026-08-05 11:10:00+05:30,742.0208,740.85,740.4796,168,stop,-258.94,74.72,-333.66,-1.6962
SBIN,long,2026-08-05 10:45:00+05:30,2026-08-05 10:50:00+05:30,2026-08-05 11:35:00+05:30,1050.525,1047.8,1050.1746,118,stop,-41.35,74.36,-115.71,-0.3599
AXISBANK,short,2026-08-05 12:15:00+05:30,2026-08-05 12:20:00+05:30,2026-08-05 12:25:00+05:30,1248.9752,1250.6,1251.2253,100,stop,-225.01,75.01,-300.02,-1.8465
INFY,short,2026-08-05 13:50:00+05:30,2026-08-05 13:55:00+05:30,2026-08-05 14:05:00+05:30,1163.7179,1166.5,1167.0832,107,stop,-360.09,74.82,-434.91,-1.461
RELIANCE,short,2026-08-05 13:20:00+05:30,2026-08-05 13:25:00+05:30,2026-08-06 09:25:00+05:30,1280.7593,1287.5,1288.1437,97,stop,-716.29,74.76,-791.04,-1.2098
TCS,short,2026-08-06 09:50:00+05:30,2026-08-06 09:55:00+05:30,2026-08-06 10:15:00+05:30,2404.697,2410.0,2397.9408,51,target,344.57,73.48,271.09,1.0023
ITC,short,2026-08-06 09:55:00+05:30,2026-08-06 10:00:00+05:30,2026-08-06 10:20:00+05:30,285.0574,285.65,284.3106,438,target,327.09,74.81,252.28,0.972
KOTAKBANK,long,2026-08-06 10:35:00+05:30,2026-08-06 10:40:00+05:30,2026-08-06 10:50:00+05:30,398.3991,397.8,397.6011,313,stop,-249.78,74.74,-324.53,-1.7306
LT,long,2026-08-06 11:55:00+05:30,2026-08-06 12:00:00+05:30,2026-08-06 12:10:00+05:30,4070.034,4063.3,4061.2684,30,stop,-262.97,73.18,-336.15,-1.664
SBIN,long,2026-08-06 13:05:00+05:30,2026-08-06 13:10:00+05:30,2026-08-06 13:15:00+05:30,1063.2313,1059.3,1068.5936,117,target,627.39,74.83,552.56,1.2013
INFY,short,2026-08-06 13:35:00+05:30,2026-08-06 13:40:00+05:30,2026-08-06 14:00:00+05:30,1164.4175,1168.0,1167.7836,107,stop,-360.17,74.86,-435.03,-1.1349
RELIANCE,long,2026-08-06 14:10:00+05:30,2026-08-06 14:15:00+05:30,2026-08-06 15:00:00+05:30,1322.1608,1320.0,1319.34,94,stop,-265.15,74.49,-339.64,-1.6722
SBIN,long,2026-08-07 09:50:00+05:30,2026-08-07 09:55:00+05:30,2026-08-07 10:20:00+05:30,1088.3439,1084.5,1086.2566,114,stop,-237.95,74.37,-312.32,-0.7127
AXISBANK,short,2026-08-07 10:15:00+05:30,2026-08-07 10:25:00+05:30,2026-08-07 10:45:00+05:30,1245.6769,1248.8,1246.9232,100,stop,-124.63,74.78,-199.41,-0.6385
HDFCBANK,short,2026-08-06 14:30:00+05:30,2026-08-06 14:35:00+05:30,2026-08-07 10:55:00+05:30,734.1827,735.8,734.267,170,stop,-14.32,74.89,-89.22,-0.3245
KOTAKBANK,short,2026-08-07 11:00:00+05:30,2026-08-07 11:05:00+05:30,2026-08-07 11:30:00+05:30,391.6041,392.8,390.0051,319,target,510.06,74.8,435.26,1.141
TCS,long,2026-08-07 11:25:00+05:30,2026-08-07 11:30:00+05:30,2026-08-07 11:55:00+05:30,2436.2175,2429.3,2431.7835,51,stop,-226.13,74.48,-300.61,-0.8521
LT,short,2026-08-07 11:10:00+05:30,2026-08-07 11:15:00+05:30,2026-08-07 12:20:00+05:30,4037.2804,4046.0,4044.4211,30,stop,-214.22,72.74,-286.96,-1.097
RELIANCE,long,2026-08-07 12:30:00+05:30,2026-08-07 12:35:00+05:30,2026-08-07 13:00:00+05:30,1333.6665,1329.0,1329.9347,93,stop,-347.06,74.31,-421.37,-0.9709
HDFCBANK,short,2026-08-07 13:10:00+05:30,2026-08-07 13:15:00+05:30,2026-08-07 13:20:00+05:30,732.1837,733.1,733.4665,170,stop,-218.08,74.75,-292.83,-1.8799
KOTAKBANK,short,2026-08-10 10:00:00+05:30,2026-08-10 10:05:00+05:30,2026-08-10 10:10:00+05:30,387.2563,388.0,388.194,322,stop,-301.94,74.91,-376.85,-1.5737
RELIANCE,short,2026-08-10 09:30:00+05:30,2026-08-10 09:40:00+05:30,2026-08-10 10:15:00+05:30,1323.7378,1325.5,1326.1627,94,stop,-227.94,74.73,-302.67,-1.8272
ICICIBANK,short,2026-08-10 09:50:00+05:30,2026-08-10 10:00:00+05:30,2026-08-10 10:20:00+05:30,1418.2905,1427.4,1419.7095,88,stop,-124.87,74.92,-199.8,-0.2492
ITC,short,2026-08-10 09:40:00+05:30,2026-08-10 09:45:00+05:30,2026-08-10 10:35:00+05:30,284.0579,284.6,284.4922,440,stop,-191.08,75.05,-266.13,-1.1157
TCS,long,2026-08-10 09:50:00+05:30,2026-08-10 09:55:00+05:30,2026-08-10 10:45:00+05:30,2460.4296,2448.6001,2464.4671,50,stop,201.88,73.87,128.0,0.2164
HDFCBANK,long,2026-08-10 10:00:00+05:30,2026-08-10 10:05:00+05:30,2026-08-10 10:50:00+05:30,734.7672,731.9,735.682,170,stop,155.51,74.99,80.51,0.1652
LT,long,2026-08-10 10:15:00+05:30,2026-08-10 10:20:00+05:30,2026-08-10 10:55:00+05:30,4056.6274,4045.2,4054.7716,30,stop,-55.67,73.0,-128.68,-0.3753
SBIN,short,2026-08-10 14:30:00+05:30,2026-08-10 14:35:00+05:30,2026-08-10 15:00:00+05:30,1074.6624,1077.1,1074.437,116,stop,26.14,74.79,-48.64,-0.172
